ids,Year,Source,Target,Weight
0,1985,가슴(N),남(P),5
1,1985,가슴(N),작(P),6
2,1985,건강(N),좋(P),6
3,1985,곁(N),가(P),8
4,1985,곁(N),떠나가(P),7
5,1985,곳(N),멀(P),6
6,1985,길(N),가(P),7
7,1985,길(N),떠나(P),5
8,1985,길(N),멀(P),5
9,1985,내일(N),가(P),5
10,1985,네(N),주(P),7
11,1985,눈물(N),젖(P),6
12,1985,님(N),떠나가(P),5
13,1985,님(N),살펴주(P),8
14,1985,마음(N),보(P),6
15,1985,마음(N),약하(P),6
16,1985,마음(N),없(P),7
17,1985,말(N),없(P),8
18,1985,말(N),하(P),13
19,1985,바람(N),불어오(P),5
20,1985,바보(N),같(P),9
21,1985,밤(N),어둡(P),7
22,1985,밤(N),피(P),5
23,1985,버선(N),벗(P),6
24,1985,비(N),내리(P),25
25,1985,사람(N),모르(P),7
26,1985,사람(N),주(P),6
27,1985,사랑(N),같(P),20
28,1985,사랑(N),되(P),7
29,1985,사랑(N),떨(P),10
30,1985,사랑(N),모르(P),5
31,1985,사랑(N),보(P),5
32,1985,사랑(N),빠지(P),13
33,1985,사랑(N),알(P),8
34,1985,사랑(N),어렵(P),6
35,1985,사랑(N),없(P),9
36,1985,사랑(N),있(P),10
37,1985,사랑(N),잊(P),13
38,1985,사랑(N),주(P),6
39,1985,사랑(N),하(P),10
40,1985,외로움(N),빠지(P),5
41,1985,우(N),내리(P),7
42,1985,이제(N),벗어나(P),18
43,1985,잠(N),오(P),12
44,1985,잠(N),지(P),8
45,1985,장미(N),같(P),10
46,1985,장미(N),떨(P),7
47,1985,장미(N),피(P),5
48,1985,조(N),날(P),8
49,1985,타(N),날(P),8
50,1985,편지(N),쓰(P),5
51,1985,하(N),피(P),5
52,1985,행복(N),주(P),6
53,1985,화분(N),작(P),10
54,1985,후(N),싫(P),6
0,1986,가슴(N),비(P),7
1,1986,곁(N),오(P),5
2,1986,곁(N),있(P),9
3,1986,곳(N),가(P),6
4,1986,곳(N),깊(P),5
5,1986,국화(N),타(P),6
6,1986,길(N),서(P),5
7,1986,나라(N),보(P),6
8,1986,나라(N),새파랗(P),8
9,1986,나라(N),파랗(P),10
10,1986,날(N),슬프(P),5
11,1986,네(N),가(P),7
12,1986,눈(N),가(P),5
13,1986,눈(N),흐르(P),6
14,1986,눈물(N),흘리(P),7
15,1986,눈빛(N),머물(P),5
16,1986,때(N),가(P),7
17,1986,라디오(N),켜(P),20
18,1986,라디오(N),크(P),18
19,1986,마음(N),깊(P),6
20,1986,마음(N),새파랗(P),8
21,1986,마음(N),있(P),6
22,1986,마음(N),주(P),10
23,1986,말(N),하(P),21
24,1986,바다(N),눕(P),6
25,1986,바람(N),불(P),6
26,1986,불(N),밝히(P),5
27,1986,비(N),내리(P),5
28,1986,빛(N),밝(P),6
29,1986,사람(N),떠나(P),6
30,1986,사람(N),떠나가(P),5
31,1986,사람(N),모이(P),6
32,1986,사람(N),없(P),5
33,1986,사랑(N),떠나(P),10
34,1986,사랑(N),떠나가(P),5
35,1986,사랑(N),없(P),5
36,1986,사랑(N),있(P),17
37,1986,사랑(N),잊(P),5
38,1986,사랑(N),철없(P),7
39,1986,사랑(N),하(P),17
40,1986,새(N),가(P),7
41,1986,새(N),간(P),6
42,1986,새(N),되(P),7
43,1986,생각(N),나(P),5
44,1986,세월(N),흐르(P),5
45,1986,손(N),잡(P),8
46,1986,수요일(N),빨갛(P),5
47,1986,스(N),잘(P),13
48,1986,어둠(N),깊(P),6
49,1986,이제(N),꾸(P),5
50,1986,이제(N),잊(P),9
51,1986,일(N),좋아하(P),5
52,1986,자리(N),있(P),6
53,1986,장미(N),빨갛(P),5
54,1986,하늘(N),하(P),6
55,1986,한마음(N),새파랗(P),8
56,1986,황혼(N),타(P),6
0,1987,가슴(N),작(P),5
1,1987,경아(N),돌아오(P),8
2,1987,곁(N),떠나(P),5
3,1987,기억(N),나(P),5
4,1987,꿈(N),꾸(P),7
5,1987,꿈(N),예쁘(P),5
6,1987,날(N),이렇(P),8
7,1987,날(N),잃어버리(P),6
8,1987,날(N),찾(P),6
9,1987,내(N),기다리(P),5
10,1987,네(N),가(P),5
11,1987,눈(N),감(P),10
12,1987,눈(N),뜨(P),15
13,1987,눈물(N),보(P),5
14,1987,눈물(N),잃어버리(P),6
15,1987,눈물(N),흐르(P),5
16,1987,눈물(N),흘리(P),7
17,1987,마(N),가(P),6
18,1987,마음(N),모르(P),5
19,1987,마음(N),슬프(P),5
20,1987,마음(N),아름답(P),5
21,1987,마음(N),있(P),5
22,1987,말(N),떠나(P),6
23,1987,말(N),하(P),24
24,1987,모습(N),잊(P),5
25,1987,몸살(N),하(P),8
26,1987,바람(N),불(P),9
27,1987,밤(N),가(P),5
28,1987,밤(N),길(P),7
29,1987,밤(N),없(P),5
30,1987,밤(N),오(P),5
31,1987,사람(N),가(P),7
32,1987,사랑(N),그렇(P),6
33,1987,사랑(N),되(P),19
34,1987,사랑(N),떠나(P),6
35,1987,사랑(N),떠나가(P),6
36,1987,사랑(N),받(P),12
37,1987,사랑(N),슬프(P),7
38,1987,사랑(N),없(P),8
39,1987,사랑(N),잊(P),14
40,1987,사랑(N),하(P),25
41,1987,생각(N),나(P),7
42,1987,세월(N),잃어버리(P),6
43,1987,세월(N),흩(P),8
44,1987,손(N),잡(P),6
45,1987,시절(N),가(P),7
46,1987,시절(N),어리(P),5
47,1987,시절(N),지나(P),5
48,1987,얘기(N),하(P),6
49,1987,어른(N),되(P),8
50,1987,여인(N),가(P),8
51,1987,영(N),견디(P),6
52,1987,영(N),보(P),6
53,1987,오늘(N),없(P),5
54,1987,오늘(N),향하(P),6
55,1987,이제(N),없(P),8
56,1987,젊음(N),찾(P),5
57,1987,지마라(N),가(P),6
58,1987,청춘(N),잃어버리(P),6
59,1987,풍선(N),날(P),5
60,1987,풍선(N),날아가(P),5
61,1987,풍선(N),노랗(P),6
62,1987,풍선(N),타(P),6
63,1987,하늘(N),날(P),6
64,1987,하늘(N),노랗(P),5
65,1987,현아(N),떠나(P),6
66,1987,후(N),되(P),6
0,1988,거리(N),낯설(P),6
1,1988,곳(N),가(P),8
2,1988,기쁨(N),되(P),5
3,1988,꿈결(N),같(P),5
4,1988,나라(N),그립(P),6
5,1988,나리(N),모(P),27
6,1988,날(N),만나(P),5
7,1988,날(N),위하(P),5
8,1988,날(N),지나(P),5
9,1988,눈(N),감(P),6
10,1988,눈(N),슬프(P),5
11,1988,다디다담(N),담(P),16
12,1988,다디담(N),담(P),24
13,1988,담다디(N),담(P),16
14,1988,때(N),오(P),5
15,1988,마음(N),하(P),6
16,1988,말(N),없(P),8
17,1988,말(N),하(P),7
18,1988,바람(N),불(P),7
19,1988,밤(N),아쉽(P),6
20,1988,밤(N),좋(P),6
21,1988,밤하늘(N),보(P),6
22,1988,별(N),보(P),6
23,1988,비(N),오(P),8
24,1988,사랑(N),그(P),5
25,1988,사랑(N),남(P),5
26,1988,사랑(N),알(P),7
27,1988,사랑(N),없(P),7
28,1988,사랑(N),있(P),15
29,1988,사랑먼(N),하(P),5
30,1988,세월(N),가(P),6
31,1988,세월(N),하(P),6
32,1988,손(N),잡(P),11
33,1988,수(N),없(P),5
34,1988,안개꽃(N),남기(P),5
35,1988,어젯밤(N),나(P),6
36,1988,여(N),외롭(P),6
37,1988,옛날(N),울(P),8
38,1988,이별(N),없(P),7
39,1988,이제(N),되(P),8
40,1988,이제(N),없(P),5
41,1988,일(N),없(P),5
42,1988,잠(N),들(P),5
43,1988,전(N),하(P),7
44,1988,줄(N),받(P),6
45,1988,줄(N),없(P),6
46,1988,집시(N),외롭(P),6
47,1988,처음(N),만나(P),6
48,1988,타인(N),낯설(P),6
49,1988,토요일(N),좋(P),6
50,1988,해(N),뜨(P),7
0,1989,가슴(N),담(P),5
1,1989,가슴(N),뛰(P),8
2,1989,가슴(N),아프(P),9
3,1989,가을(N),흐리(P),11
4,1989,거리(N),걷(P),7
5,1989,겨울(N),가(P),5
6,1989,곳(N),쉬(P),5
7,1989,구름(N),흩어지(P),5
8,1989,길(N),걷(P),5
9,1989,꿈(N),꾸(P),9
10,1989,꿈(N),살(P),6
11,1989,꿈(N),없(P),5
12,1989,꿈(N),있(P),5
13,1989,꿈들(N),잊히(P),6
14,1989,나(N),오(P),5
15,1989,날(N),가(P),8
16,1989,날(N),아름답(P),6
17,1989,날(N),지나(P),5
18,1989,내맘(N),들(P),6
19,1989,내일(N),꾸(P),6
20,1989,눈(N),감(P),13
21,1989,눈(N),돌아서(P),5
22,1989,눈(N),르(P),5
23,1989,눈(N),잊(P),8
24,1989,눈물(N),흐르(P),8
25,1989,대답(N),없(P),5
26,1989,때(N),있(P),6
27,1989,른(N),모(P),5
28,1989,른(N),하(P),5
29,1989,리(N),감(P),5
30,1989,리(N),돌아서(P),5
31,1989,리(N),르(P),5
32,1989,리(N),잊(P),5
33,1989,마음(N),아프(P),7
34,1989,마음(N),알(P),6
35,1989,말(N),하(P),21
36,1989,바다(N),가(P),5
37,1989,바람(N),따르(P),6
38,1989,바람(N),불(P),13
39,1989,바람아(N),멈추(P),9
40,1989,밤(N),있(P),5
41,1989,비(N),내리(P),8
42,1989,빗물(N),같(P),5
43,1989,사랑(N),감(P),10
44,1989,사랑(N),돌아서(P),10
45,1989,사랑(N),돌아오(P),5
46,1989,사랑(N),떠나(P),5
47,1989,사랑(N),르(P),10
48,1989,사랑(N),모르(P),5
49,1989,사랑(N),아름답(P),5
50,1989,사랑(N),없(P),11
51,1989,사랑(N),울(P),8
52,1989,사랑(N),있(P),8
53,1989,사랑(N),잊(P),11
54,1989,사랑(N),하(P),6
55,1989,상처(N),남(P),8
56,1989,상처(N),젊(P),6
57,1989,새(N),날아가(P),5
58,1989,세상(N),변하(P),5
59,1989,세상(N),아름답(P),8
60,1989,세월(N),흘러가(P),7
61,1989,속(N),담(P),5
62,1989,슬픔(N),담(P),5
63,1989,오늘(N),울(P),8
64,1989,웃음(N),하(P),5
65,1989,음(N),쓰(P),6
66,1989,이세상(N),젊(P),6
67,1989,이제(N),없(P),7
68,1989,이해(N),있(P),5
69,1989,지마(N),가(P),6
70,1989,창문(N),열(P),5
71,1989,책(N),접(P),5
72,1989,추억(N),돌이키(P),5
73,1989,추억(N),아름답(P),9
74,1989,춤(N),추(P),8
75,1989,편지(N),쓰(P),11
76,1989,하늘(N),날아보(P),5
77,1989,하늘(N),흐리(P),11
78,1989,한숨(N),젊(P),7
79,1989,호랑나비(N),날아보(P),6
0,1990,가슴(N),아프(P),6
1,1990,걸(N),스치(P),5
2,1990,곳(N),어둡(P),5
3,1990,곳(N),없(P),5
4,1990,귀(N),기울이(P),5
5,1990,그날(N),잊(P),8
6,1990,그리움(N),쌓이(P),6
7,1990,그리움(N),지우(P),5
8,1990,기억(N),잊(P),8
9,1990,길(N),가(P),5
10,1990,길(N),걷(P),8
11,1990,길(N),멀(P),6
12,1990,나나나나(N),나(P),5
13,1990,날(N),아름답(P),7
14,1990,날(N),위하(P),5
15,1990,날(N),지나(P),9
16,1990,내일얘기(N),쓰(P),5
17,1990,네(N),가(P),6
18,1990,눈(N),바라보(P),5
19,1990,눈물(N),없(P),6
20,1990,눈물(N),흐르(P),10
21,1990,눈물(N),흘리(P),10
22,1990,도네(N),돌아가네(P),7
23,1990,때(N),그리(P),5
24,1990,마음(N),슬프(P),6
25,1990,마음(N),주(P),7
26,1990,말(N),수줍(P),5
27,1990,말(N),없(P),6
28,1990,말(N),하(P),25
29,1990,맘(N),어둡(P),6
30,1990,모두(N),사라지(P),5
31,1990,모습(N),사라지(P),6
32,1990,미련(N),나(P),6
33,1990,미련(N),울(P),6
34,1990,미싱(N),돌아가네(P),7
35,1990,바다(N),슬프(P),6
36,1990,바람(N),불(P),10
37,1990,밤(N),어둡(P),7
38,1990,볼(N),없(P),9
39,1990,비(N),내리(P),5
40,1990,비(N),맞(P),5
41,1990,사람(N),가(P),5
42,1990,사람(N),되(P),5
43,1990,사람(N),많(P),8
44,1990,사람(N),얄밉(P),6
45,1990,사람(N),주(P),5
46,1990,사랑(N),잊(P),14
47,1990,사랑(N),주(P),6
48,1990,사랑(N),하(P),9
49,1990,생각(N),하(P),7
50,1990,세상(N),많(P),5
51,1990,속(N),비(P),5
52,1990,손(N),어둡(P),5
53,1990,슬픔(N),없(P),5
54,1990,얘기(N),스치(P),5
55,1990,이제(N),가(P),5
56,1990,이제(N),되(P),5
57,1990,이제(N),없(P),12
58,1990,지(N),하(P),6
59,1990,지울수(N),없(P),8
60,1990,착각(N),지나치(P),8
61,1990,추억(N),지나(P),6
62,1990,한(N),가(P),5
0,1991,가슴(N),쌓이(P),5
1,1991,곁(N),있(P),10
2,1991,그날(N),오(P),10
3,1991,그리움(N),쌓이(P),6
4,1991,길(N),있(P),6
5,1991,노래(N),슬프(P),6
6,1991,눈(N),감(P),9
7,1991,눈물(N),흐르(P),7
8,1991,눈물(N),흘리(P),8
9,1991,데(N),있(P),6
10,1991,때(N),느끼(P),5
11,1991,리(N),슬프(P),8
12,1991,리(N),싫(P),8
13,1991,리(N),울(P),8
14,1991,마음(N),알(P),6
15,1991,마음(N),없(P),6
16,1991,말(N),하(P),19
17,1991,맘(N),바라(P),6
18,1991,모습(N),보(P),5
19,1991,미(N),두(P),5
20,1991,미니스커트(N),짧(P),6
21,1991,바람(N),오(P),7
22,1991,비(N),내리(P),6
23,1991,삐(N),좋(P),5
24,1991,사람(N),싫(P),8
25,1991,사랑(N),떠나(P),8
26,1991,사랑(N),아름답(P),13
27,1991,사랑(N),있(P),9
28,1991,사랑(N),잊(P),5
29,1991,사랑(N),찾(P),10
30,1991,사랑(N),하(P),11
31,1991,세월(N),돌(P),6
32,1991,속(N),슬프(P),6
33,1991,시(N),들(P),5
34,1991,아(N),돌리(P),6
35,1991,앞(N),두(P),5
36,1991,에로(N),좋(P),5
37,1991,영화(N),슬프(P),6
38,1991,이밤(N),지나(P),5
39,1991,이밤(N),헤어지(P),5
40,1991,이별(N),없(P),5
41,1991,이별(N),하(P),13
42,1991,이별(N),헤어지(P),5
43,1991,이제(N),느끼(P),9
44,1991,이제(N),슬프(P),5
45,1991,이제(N),하(P),5
46,1991,춤(N),추(P),5
47,1991,하(N),그대(P),5
48,1991,하(N),떠나(P),5
49,1991,하(N),보내(P),5
50,1991,행복(N),바라(P),6
51,1991,혼자(N),느끼(P),7
52,1991,혼자(N),하(P),5
0,1992,가지(N),그(P),6
1,1992,걱정(N),있(P),6
2,1992,곁(N),있(P),14
3,1992,곳(N),있(P),7
4,1992,과거(N),없(P),5
5,1992,기억(N),있(P),5
6,1992,길(N),떠나(P),6
7,1992,꽃모자(N),예쁘(P),5
8,1992,날(N),많(P),8
9,1992,날(N),외롭(P),7
10,1992,날(N),있(P),6
11,1992,내일(N),향하(P),10
12,1992,노래(N),듣(P),6
13,1992,눈빛(N),슬프(P),10
14,1992,라(N),사(P),12
15,1992,마음(N),알(P),5
16,1992,말(N),없(P),5
17,1992,말(N),있(P),6
18,1992,말(N),하(P),21
19,1992,모습(N),다가오(P),5
20,1992,모습(N),없(P),11
21,1992,모습(N),울(P),7
22,1992,모습(N),찾(P),7
23,1992,목소리(N),슬프(P),10
24,1992,미소(N),짓(P),6
25,1992,밤(N),오(P),8
26,1992,밤(N),이렇(P),5
27,1992,비(N),내리(P),6
28,1992,비(N),오(P),12
29,1992,비(N),젖(P),9
30,1992,사람(N),외롭(P),5
31,1992,사랑(N),없(P),5
32,1992,사랑(N),오(P),9
33,1992,사랑(N),차갑(P),5
34,1992,사랑(N),하(P),16
35,1992,생각(N),잊(P),5
36,1992,손(N),잡(P),6
37,1992,숨(N),쉬(P),5
38,1992,슬픔(N),없(P),5
39,1992,시간(N),없(P),6
40,1992,아픔(N),남기(P),6
41,1992,오(N),사(P),12
42,1992,오(N),슬프(P),8
43,1992,오늘(N),있(P),5
44,1992,이제(N),눈감(P),7
45,1992,이제(N),느끼(P),5
46,1992,이제(N),없(P),10
47,1992,이제(N),잊(P),9
48,1992,이제(N),차(P),8
49,1992,일기(N),힘들(P),5
50,1992,처음(N),만나(P),7
51,1992,추억(N),되(P),5
52,1992,필요(N),없(P),8
53,1992,하루(N),살(P),6
54,1992,하루(N),지나가(P),5
55,1992,후(N),잠들(P),8
56,1992,힘(N),들(P),5
57,1992,힘(N),외롭(P),5
0,1993,걸(N),모(P),5
1,1993,곁(N),있(P),5
2,1993,기분(N),알(P),6
3,1993,기분(N),없(P),6
4,1993,기분(N),이렇(P),6
5,1993,기억(N),슬프(P),6
6,1993,길(N),가(P),11
7,1993,길(N),없(P),5
8,1993,꿈(N),꾸(P),11
9,1993,노래(N),슬프(P),5
10,1993,눈물(N),흘리(P),13
11,1993,느낌(N),없(P),10
12,1993,두근(N),두(P),12
13,1993,디(N),디러(P),5
14,1993,디러(N),디러(P),10
15,1993,디러(N),러(P),8
16,1993,디리(N),디러(P),11
17,1993,디리(N),러(P),8
18,1993,때(N),보(P),6
19,1993,때(N),알(P),6
20,1993,라(N),랄(P),36
21,1993,라라라라(N),랄(P),12
22,1993,리(N),되(P),18
23,1993,리지(N),울(P),6
24,1993,말(N),없(P),8
25,1993,말(N),있(P),12
26,1993,말(N),하(P),16
27,1993,밤(N),내리(P),5
28,1993,별(N),반짝이(P),6
29,1993,비(N),내리(P),5
30,1993,비(N),이렇(P),5
31,1993,사람(N),나(P),8
32,1993,사람(N),살(P),9
33,1993,사랑(N),가(P),7
34,1993,사랑(N),가르치(P),7
35,1993,사랑(N),길(P),6
36,1993,사랑(N),떠나(P),6
37,1993,사랑(N),버리(P),6
38,1993,사랑(N),보이(P),7
39,1993,사랑(N),부르(P),6
40,1993,사랑(N),살(P),7
41,1993,사랑(N),싫증나(P),6
42,1993,사랑(N),위하(P),6
43,1993,사랑(N),있(P),9
44,1993,사랑(N),하(P),10
45,1993,사랑(N),힘들(P),5
46,1993,새(N),날아가(P),6
47,1993,새(N),되(P),18
48,1993,생각(N),하(P),9
49,1993,세상(N),기다리(P),5
50,1993,세상(N),길들(P),6
51,1993,세상(N),이(P),5
52,1993,세상(N),있(P),12
53,1993,숨(N),쉬(P),5
54,1993,시간(N),없(P),6
55,1993,시작(N),길들(P),6
56,1993,시작(N),모(P),5
57,1993,시작(N),없(P),6
58,1993,시작(N),있(P),5
59,1993,알수(N),없(P),7
60,1993,앞(N),가(P),5
61,1993,앞(N),보(P),6
62,1993,어제(N),없(P),5
63,1993,요지경(N),이(P),8
64,1993,웃음(N),짓(P),5
65,1993,의미(N),없(P),5
66,1993,이별(N),없(P),7
67,1993,이별(N),있(P),8
68,1993,이제(N),그러(P),5
69,1993,이제(N),느끼(P),6
70,1993,이제(N),없(P),8
71,1993,이제(N),잊(P),6
72,1993,이제(N),하(P),9
73,1993,일(N),없(P),6
74,1993,짐(N),되(P),5
75,1993,친구(N),있(P),10
76,1993,표정(N),없(P),6
77,1993,필요(N),없(P),6
78,1993,헤야(N),하(P),6
79,1993,헤이(N),하(P),6
80,1993,홈(N),하(P),6
81,1993,홈마(N),하(P),12
82,1993,후(N),길들(P),6
83,1993,후회(N),없(P),5
84,1993,후회(N),하(P),7
0,1994,거절(N),하(P),5
1,1994,곁(N),그립(P),5
2,1994,곁(N),있(P),11
3,1994,고민(N),하(P),5
4,1994,곳(N),깊(P),8
5,1994,곳(N),없(P),6
6,1994,곳(N),있(P),5
7,1994,길(N),가(P),7
8,1994,꿈(N),하(P),5
9,1994,날(N),만나(P),9
10,1994,날(N),많(P),7
11,1994,날(N),없(P),7
12,1994,날(N),위하(P),10
13,1994,날(N),지나(P),8
14,1994,눈(N),뜨(P),5
15,1994,눈(N),슬프(P),5
16,1994,눈물(N),감추(P),5
17,1994,눈물(N),흘리(P),6
18,1994,능력(N),있(P),5
19,1994,달(N),지(P),5
20,1994,때(N),닮(P),6
21,1994,때(N),되(P),5
22,1994,때(N),만나(P),5
23,1994,때(N),있(P),5
24,1994,마음(N),깊(P),6
25,1994,말(N),그립(P),5
26,1994,말(N),낯설(P),6
27,1994,말(N),느끼(P),7
28,1994,말(N),없(P),9
29,1994,말(N),있(P),18
30,1994,말(N),하(P),24
31,1994,모습(N),잊(P),8
32,1994,볼(N),있(P),6
33,1994,비(N),내리(P),7
34,1994,비(N),오(P),5
35,1994,비밀(N),없(P),6
36,1994,사람(N),많(P),5
37,1994,사랑(N),그러(P),8
38,1994,사랑(N),남(P),5
39,1994,사랑(N),느끼(P),5
40,1994,사랑(N),모르(P),11
41,1994,사랑(N),알(P),5
42,1994,사랑(N),없(P),5
43,1994,사랑(N),있(P),11
44,1994,사랑(N),하(P),14
45,1994,상처(N),받(P),5
46,1994,서로(N),있(P),5
47,1994,세상(N),만들(P),6
48,1994,세상(N),쉽(P),5
49,1994,세상(N),있(P),6
50,1994,손(N),잡(P),5
51,1994,슬픔(N),되(P),5
52,1994,아픔(N),없(P),5
53,1994,영원(N),위하(P),5
54,1994,이상(N),없(P),7
55,1994,이제(N),없(P),16
56,1994,이제(N),원하(P),5
57,1994,이제(N),잊(P),6
58,1994,이제(N),지우(P),5
59,1994,이제(N),하(P),8
60,1994,전화(N),걸(P),5
61,1994,주저(N),하(P),5
62,1994,지(N),하(P),5
63,1994,처음(N),만나(P),13
64,1994,처음(N),보(P),7
65,1994,추억(N),아름답(P),5
66,1994,친구(N),없(P),6
67,1994,탐(N),이쁘(P),6
68,1994,편지(N),쓰(P),6
69,1994,하늘(N),날(P),5
70,1994,할래(N),그러(P),8
71,1994,혼자(N),남(P),5
0,1995,결혼(N),하(P),7
1,1995,곁(N),있(P),5
2,1995,그때(N),하(P),5
3,1995,기(N),가막히(P),14
4,1995,길(N),가(P),8
5,1995,길(N),멀(P),5
6,1995,꿈(N),가지(P),14
7,1995,꿈(N),같(P),7
8,1995,꿈(N),남기(P),14
9,1995,꿈(N),모(P),14
10,1995,꿈(N),좋(P),5
11,1995,꿈(N),찾(P),7
12,1995,나(N),나(P),20
13,1995,나(N),나나나(P),16
14,1995,날(N),많(P),6
15,1995,날(N),살(P),7
16,1995,날(N),없(P),5
17,1995,날(N),오(P),9
18,1995,날(N),있(P),5
19,1995,눈(N),뜨(P),8
20,1995,눈물(N),흘리(P),12
21,1995,느낌(N),보(P),5
22,1995,때(N),있(P),6
23,1995,마(N),꾸미(P),5
24,1995,마(N),하(P),5
25,1995,마음(N),떠나가(P),6
26,1995,말(N),없(P),6
27,1995,말(N),있(P),6
28,1995,말(N),하(P),19
29,1995,맘(N),알(P),5
30,1995,맘(N),잡(P),5
31,1995,모습(N),나(P),5
32,1995,비(N),오(P),8
33,1995,사람(N),만나(P),7
34,1995,사람(N),없(P),6
35,1995,사람(N),있(P),9
36,1995,사람(N),좋(P),7
37,1995,사랑(N),느끼(P),6
38,1995,사랑(N),받(P),7
39,1995,사랑(N),없(P),20
40,1995,사랑(N),있(P),12
41,1995,사랑(N),하(P),19
42,1995,사바(N),찾(P),6
43,1995,사바(N),하(P),6
44,1995,살면(N),꾸미(P),5
45,1995,살면(N),하(P),5
46,1995,생각(N),나(P),6
47,1995,생각(N),하(P),6
48,1995,세상(N),가지(P),7
49,1995,세상(N),꾸미(P),5
50,1995,세상(N),남기(P),7
51,1995,세상(N),모(P),9
52,1995,세상(N),위하(P),5
53,1995,세상(N),하(P),7
54,1995,손(N),내밀(P),5
55,1995,시간(N),흐르(P),5
56,1995,시작(N),느끼(P),5
57,1995,시작(N),있(P),5
58,1995,오오(N),가(P),6
59,1995,위(N),있(P),5
60,1995,이름(N),부르(P),7
61,1995,이별(N),슬프(P),6
62,1995,이별(N),오(P),5
63,1995,이제(N),남(P),6
64,1995,이제(N),없(P),5
65,1995,이해(N),없(P),7
66,1995,일(N),없(P),9
67,1995,일(N),있(P),5
68,1995,처음(N),만나(P),6
69,1995,처음(N),보(P),5
70,1995,천사(N),찾(P),5
71,1995,친구(N),있(P),6
72,1995,필요(N),없(P),6
73,1995,혼자(N),알(P),5
74,1995,흥보(N),가막히(P),14
75,1995,힘(N),들(P),9
0,1996,곁(N),살(P),5
1,1996,곁(N),있(P),21
2,1996,곳(N),깊(P),13
3,1996,곳(N),멀(P),11
4,1996,기억(N),있(P),5
5,1996,꿈(N),남(P),6
6,1996,꿍따리(N),빠빠빠(P),6
7,1996,끝(N),없(P),10
8,1996,날(N),있(P),10
9,1996,날(N),하(P),5
10,1996,눈(N),보(P),6
11,1996,눈(N),씌(P),5
12,1996,눈(N),하얗(P),5
13,1996,눈물(N),흐르(P),6
14,1996,눈물(N),흘리(P),8
15,1996,동안(N),만나(P),5
16,1996,때(N),되(P),7
17,1996,때(N),보(P),8
18,1996,때(N),있(P),9
19,1996,마(N),하(P),6
20,1996,마음(N),깊(P),6
21,1996,마음(N),아프(P),7
22,1996,마음(N),알(P),6
23,1996,마음(N),향하(P),6
24,1996,마음속(N),깊(P),10
25,1996,말(N),그러(P),9
26,1996,말(N),없(P),18
27,1996,말(N),있(P),6
28,1996,말(N),하(P),40
29,1996,머리위(N),날아오(P),6
30,1996,모두(N),없(P),5
31,1996,모습(N),보(P),14
32,1996,모습(N),싫(P),5
33,1996,문(N),보(P),5
34,1996,문(N),열(P),5
35,1996,미안(N),하(P),6
36,1996,밖(N),없(P),5
37,1996,번(N),있(P),5
38,1996,붐(N),치(P),6
39,1996,사람(N),가(P),7
40,1996,사람(N),만나(P),7
41,1996,사람(N),많(P),5
42,1996,사랑(N),그러(P),8
43,1996,사랑(N),느끼(P),6
44,1996,사랑(N),되(P),8
45,1996,사랑(N),알(P),8
46,1996,사랑(N),없(P),14
47,1996,사랑(N),위하(P),6
48,1996,사랑(N),이렇(P),5
49,1996,사랑(N),있(P),12
50,1996,사랑(N),하(P),18
51,1996,생각(N),나(P),5
52,1996,샤바라(N),빠빠빠(P),6
53,1996,속(N),없(P),6
54,1996,신(N),나(P),5
55,1996,아침(N),오(P),5
56,1996,얘기(N),없(P),6
57,1996,얘기(N),하(P),5
58,1996,예(N),있(P),7
59,1996,오늘(N),있(P),8
60,1996,용서(N),없(P),7
61,1996,이름(N),부르(P),7
62,1996,이제(N),같(P),5
63,1996,이제(N),되(P),6
64,1996,이제(N),보(P),6
65,1996,이제(N),없(P),9
66,1996,이제(N),있(P),11
67,1996,이제(N),하(P),6
68,1996,인생(N),책임지(P),8
69,1996,일(N),되(P),5
70,1996,일(N),없(P),7
71,1996,일(N),있(P),5
72,1996,일(N),하(P),5
73,1996,자신(N),보(P),5
74,1996,잘못(N),하(P),6
75,1996,제길(N),있(P),5
76,1996,지(N),하(P),6
77,1996,처음(N),보(P),5
78,1996,춤(N),추(P),11
79,1996,키(N),치(P),5
80,1996,필요(N),없(P),6
81,1996,하루(N),있(P),5
82,1996,혼자(N),있(P),9
83,1996,후회(N),없(P),8
84,1996,후회(N),하(P),5
85,1996,힘(N),되(P),8
86,1996,힘(N),없(P),5
0,1997,가슴(N),아프(P),6
1,1997,간직(N),하(P),6
2,1997,곁(N),떠나(P),6
3,1997,곁(N),있(P),25
4,1997,그때(N),그(P),6
5,1997,그때(N),렇(P),6
6,1997,길(N),가(P),15
7,1997,길(N),막(P),9
8,1997,꿈(N),꾸(P),6
9,1997,꿈(N),되(P),5
10,1997,나(N),나나(P),12
11,1997,나(N),나나나(P),6
12,1997,날(N),내리(P),5
13,1997,날(N),떠나가(P),6
14,1997,날(N),많(P),7
15,1997,날(N),말(P),6
16,1997,날(N),위하(P),5
17,1997,날(N),찾(P),6
18,1997,날개(N),있(P),8
19,1997,눈물(N),나(P),5
20,1997,눈물(N),없(P),5
21,1997,눈물(N),흐르(P),5
22,1997,눈물(N),흘리(P),6
23,1997,뒤(N),하(P),6
24,1997,때(N),가(P),5
25,1997,때(N),있(P),10
26,1997,라면(N),위하(P),5
27,1997,마음(N),같(P),5
28,1997,마음(N),보이(P),7
29,1997,마음(N),알(P),5
30,1997,마음(N),향하(P),6
31,1997,말(N),없(P),10
32,1997,말(N),있(P),9
33,1997,말(N),하(P),31
34,1997,맘(N),들(P),6
35,1997,모습(N),남(P),7
36,1997,모습(N),떠나(P),8
37,1997,모습(N),보(P),7
38,1997,미안(N),하(P),7
39,1997,바다(N),험하(P),8
40,1997,반한(N),같(P),6
41,1997,비(N),내리(P),6
42,1997,사람(N),많(P),5
43,1997,사람(N),있(P),9
44,1997,사람(N),좋(P),6
45,1997,사람(N),찾(P),5
46,1997,사랑(N),남(P),5
47,1997,사랑(N),되(P),10
48,1997,사랑(N),모르(P),5
49,1997,사랑(N),빠지(P),5
50,1997,사랑(N),알(P),5
51,1997,사랑(N),없(P),9
52,1997,사랑(N),위하(P),5
53,1997,사랑(N),있(P),17
54,1997,사랑(N),잊(P),7
55,1997,사랑(N),주(P),5
56,1997,사랑(N),하(P),21
57,1997,산(N),험하(P),8
58,1997,생각(N),하(P),15
59,1997,세상(N),밝(P),5
60,1997,세상(N),없(P),6
61,1997,세상(N),하(P),6
62,1997,세월(N),지나(P),5
63,1997,손(N),잡(P),7
64,1997,순(N),없(P),5
65,1997,숨(N),쉬(P),5
66,1997,시간(N),많(P),11
67,1997,시간(N),변하(P),7
68,1997,시간(N),흐르(P),6
69,1997,시절(N),어리(P),6
70,1997,신경(N),쓰(P),5
71,1997,아무것(N),없(P),7
72,1997,앞(N),있(P),7
73,1997,앞(N),튕기(P),8
74,1997,얘기(N),하(P),6
75,1997,얼마(N),하(P),6
76,1997,옆(N),있(P),7
77,1997,의미(N),없(P),8
78,1997,이제(N),있(P),6
79,1997,이제(N),하(P),10
80,1997,자신(N),없(P),6
81,1997,참깨(N),열리(P),7
82,1997,춤(N),추(P),5
83,1997,태양아래(N),젊(P),5
84,1997,폼(N),살(P),8
85,1997,폼(N),죽(P),12
86,1997,품(N),안기(P),6
87,1997,필요(N),없(P),8
88,1997,하늘(N),있(P),5
89,1997,행복(N),없(P),5
90,1997,행복(N),하(P),5
91,1997,힘(N),들(P),5
0,1998,걱정(N),되(P),6
1,1998,걱정(N),하(P),6
2,1998,곁(N),없(P),10
3,1998,곁(N),있(P),10
4,1998,고개(N),들(P),7
5,1998,곳(N),멀(P),6
6,1998,길(N),가(P),8
7,1998,꽃(N),아름답(P),5
8,1998,꿈(N),꾸(P),6
9,1998,꿈(N),많(P),5
10,1998,꿈(N),일으키(P),6
11,1998,날(N),가(P),7
12,1998,날(N),남(P),6
13,1998,날(N),많(P),5
14,1998,날(N),보(P),7
15,1998,날(N),부르(P),24
16,1998,날(N),아프(P),10
17,1998,날(N),웃(P),5
18,1998,날(N),위하(P),7
19,1998,날(N),지나가(P),5
20,1998,날(N),하(P),6
21,1998,눈(N),감(P),18
22,1998,눈(N),들(P),5
23,1998,눈(N),떠(P),5
24,1998,눈물(N),울(P),7
25,1998,눈물(N),흐르(P),9
26,1998,때(N),지치(P),9
27,1998,때(N),힘들(P),8
28,1998,리듬(N),맞추(P),20
29,1998,리듬(N),즐겁(P),10
30,1998,리듬(N),흥겹(P),10
31,1998,마(N),울(P),6
32,1998,말(N),되(P),6
33,1998,말(N),보(P),5
34,1998,말(N),싫(P),6
35,1998,말(N),없(P),16
36,1998,말(N),있(P),7
37,1998,말(N),좋(P),6
38,1998,말(N),하(P),25
39,1998,모습(N),닮(P),5
40,1998,모습(N),보(P),10
41,1998,모습(N),없(P),6
42,1998,몸(N),날리(P),8
43,1998,무릎(N),꿇(P),8
44,1998,미소(N),보이(P),5
45,1998,미안(N),괜찮(P),5
46,1998,미안(N),하(P),5
47,1998,비(N),내리(P),9
48,1998,사람(N),알(P),7
49,1998,사람(N),없(P),5
50,1998,사랑(N),기다리(P),7
51,1998,사랑(N),느끼(P),5
52,1998,사랑(N),되(P),12
53,1998,사랑(N),떠나(P),7
54,1998,사랑(N),만나(P),6
55,1998,사랑(N),변하(P),7
56,1998,사랑(N),보(P),7
57,1998,사랑(N),빠지(P),5
58,1998,사랑(N),아끼(P),8
59,1998,사랑(N),알(P),8
60,1998,사랑(N),없(P),21
61,1998,사랑(N),원하(P),6
62,1998,사랑(N),위하(P),10
63,1998,사랑(N),있(P),15
64,1998,사랑(N),잊(P),6
65,1998,사랑(N),찾(P),8
66,1998,사랑(N),하(P),31
67,1998,생각(N),나(P),5
68,1998,세상(N),만들(P),5
69,1998,세상(N),아름답(P),7
70,1998,속(N),깊(P),5
71,1998,손(N),잡(P),18
72,1998,순간(N),보(P),7
73,1998,숨(N),쉬(P),8
74,1998,숨(N),좋(P),6
75,1998,시간(N),지나(P),5
76,1998,시간(N),흐르(P),5
77,1998,시작(N),다가오(P),5
78,1998,시작(N),새롭(P),5
79,1998,시작(N),있(P),5
80,1998,아침(N),빛나(P),5
81,1998,아픔(N),물들(P),5
82,1998,아픔(N),없(P),5
83,1998,안(N),살아남(P),5
84,1998,안(N),있(P),5
85,1998,앞(N),빛나(P),5
86,1998,예예예예(N),좋(P),5
87,1998,음(N),알(P),6
88,1998,이별(N),없(P),6
89,1998,이상(N),없(P),8
90,1998,이제(N),없(P),6
91,1998,이제(N),있(P),5
92,1998,이해(N),떠나(P),5
93,1998,일(N),없(P),6
94,1998,자신(N),없(P),5
95,1998,잠(N),감(P),5
96,1998,잠(N),들(P),9
97,1998,처음(N),보(P),10
98,1998,처음(N),없(P),7
99,1998,처음(N),있(P),5
100,1998,태양(N),검(P),5
101,1998,태양(N),물들(P),5
102,1998,품(N),안기(P),5
103,1998,필요(N),없(P),8
104,1998,하늘(N),보(P),6
105,1998,행복(N),있(P),7
106,1998,혼자(N),되(P),7
107,1998,훗날(N),멀(P),7
108,1998,힘(N),들(P),7
0,1999,가슴(N),뛰(P),5
1,1999,곁(N),오(P),5
2,1999,곁(N),있(P),15
3,1999,곳(N),없(P),8
4,1999,기도(N),위하(P),5
5,1999,길(N),가(P),13
6,1999,길(N),돌아오(P),6
7,1999,꿈(N),같(P),5
8,1999,꿈(N),꾸(P),6
9,1999,끝(N),알(P),5
10,1999,끝(N),없(P),5
11,1999,나이(N),먹(P),9
12,1999,나이(N),푸(P),8
13,1999,날(N),버리(P),5
14,1999,눈(N),감(P),15
15,1999,눈(N),뜨(P),5
16,1999,눈(N),보(P),9
17,1999,눈물(N),나(P),5
18,1999,눈물(N),흐르(P),10
19,1999,눈물(N),흘리(P),8
20,1999,니(N),가(P),8
21,1999,니(N),되(P),7
22,1999,니(N),사(P),23
23,1999,니(N),살(P),8
24,1999,때(N),보(P),8
25,1999,때(N),있(P),7
26,1999,마(N),멈추(P),7
27,1999,마(N),보(P),5
28,1999,마음(N),알(P),9
29,1999,마지막(N),남(P),5
30,1999,말(N),없(P),5
31,1999,말(N),하(P),20
32,1999,맘(N),들(P),7
33,1999,머(N),원하(P),26
34,1999,먹(N),푸(P),6
35,1999,미안(N),미워하(P),5
36,1999,바다(N),길(P),8
37,1999,바다(N),푸르(P),6
38,1999,바보(N),같(P),7
39,1999,밖(N),없(P),5
40,1999,빠밤(N),빠(P),8
41,1999,빠밤(N),빠쁘(P),8
42,1999,사(N),사(P),6
43,1999,사(N),살(P),6
44,1999,사람(N),만나(P),9
45,1999,사람(N),많(P),8
46,1999,사랑(N),그렇(P),8
47,1999,사랑(N),깊(P),8
48,1999,사랑(N),끝나(P),5
49,1999,사랑(N),나(P),18
50,1999,사랑(N),남(P),7
51,1999,사랑(N),남기(P),6
52,1999,사랑(N),믿(P),5
53,1999,사랑(N),없(P),14
54,1999,사랑(N),위하(P),11
55,1999,사랑(N),있(P),7
56,1999,사랑(N),주(P),9
57,1999,사랑(N),찾(P),7
58,1999,사랑(N),하(P),17
59,1999,상처(N),주(P),5
60,1999,세상(N),넓(P),6
61,1999,세상(N),살(P),6
62,1999,세상(N),살아가(P),6
63,1999,속(N),흐르(P),7
64,1999,손(N),잡(P),12
65,1999,숨(N),쉬(P),6
66,1999,시간(N),길(P),10
67,1999,시간(N),흐르(P),7
68,1999,아(N),멈추(P),14
69,1999,아(N),워워워워(P),9
70,1999,아(N),인(P),9
71,1999,야(N),그렇(P),8
72,1999,야(N),살아가(P),8
73,1999,영원(N),없(P),5
74,1999,외로움(N),싫(P),5
75,1999,윈(N),기다리(P),9
76,1999,이(N),미워하(P),5
77,1999,이상(N),망설이(P),5
78,1999,이상(N),없(P),7
79,1999,이야아(N),그렇(P),8
80,1999,이야아(N),살아가(P),8
81,1999,이제(N),되(P),7
82,1999,이제(N),싫(P),6
83,1999,이제(N),알(P),7
84,1999,이제(N),잊(P),7
85,1999,인걸(N),미워하(P),5
86,1999,인아(N),기다리(P),18
87,1999,인아(N),워워워워(P),9
88,1999,인아(N),인(P),9
89,1999,자신(N),없(P),10
90,1999,잠(N),들(P),5
91,1999,적(N),알(P),7
92,1999,진짜(N),원하(P),54
93,1999,처음(N),보(P),7
94,1999,폼(N),살(P),10
95,1999,폼(N),죽(P),10
96,1999,필요(N),없(P),8
97,1999,힘(N),들(P),14
0,2000,가라(N),갇히(P),8
1,2000,가슴(N),아프(P),5
2,2000,가슴(N),하(P),5
3,2000,거짓(N),바꾸(P),6
4,2000,걱정(N),하(P),5
5,2000,곁(N),떠나(P),6
6,2000,곁(N),있(P),9
7,2000,곳(N),멀(P),8
8,2000,곳(N),쉬(P),5
9,2000,곳(N),없(P),11
10,2000,곳(N),있(P),7
11,2000,그동안(N),빼앗기(P),8
12,2000,꿈(N),꾸(P),6
13,2000,꿈(N),어리(P),7
14,2000,끝(N),나(P),5
15,2000,나(N),나(P),36
16,2000,나(N),나나(P),18
17,2000,나(N),나나나(P),18
18,2000,날(N),안(P),5
19,2000,날(N),없(P),9
20,2000,날(N),오(P),8
21,2000,날(N),위하(P),5
22,2000,날(N),있(P),8
23,2000,날(N),잊(P),5
24,2000,날(N),죽(P),5
25,2000,날(N),하(P),6
26,2000,낼(N),보(P),5
27,2000,낼(N),없(P),5
28,2000,눈(N),감(P),9
29,2000,눈(N),뜨(P),5
30,2000,눈(N),멀(P),5
31,2000,눈물(N),없(P),5
32,2000,눈물(N),흘리(P),6
33,2000,눈빛(N),보(P),5
34,2000,때(N),오(P),5
35,2000,른(N),모(P),6
36,2000,마음(N),열(P),7
37,2000,말(N),있(P),5
38,2000,말(N),하(P),21
39,2000,모습(N),보(P),5
40,2000,모습(N),보이(P),5
41,2000,미래(N),날아보(P),5
42,2000,미래(N),향하(P),6
43,2000,바람(N),불(P),6
44,2000,사랑(N),그렇(P),6
45,2000,사랑(N),느끼(P),8
46,2000,사랑(N),되(P),11
47,2000,사랑(N),바꾸(P),8
48,2000,사랑(N),받(P),6
49,2000,사랑(N),보(P),6
50,2000,사랑(N),안(P),5
51,2000,사랑(N),알(P),8
52,2000,사랑(N),없(P),22
53,2000,사랑(N),위하(P),6
54,2000,사랑(N),있(P),32
55,2000,사랑(N),잊(P),9
56,2000,사랑(N),주(P),7
57,2000,사랑(N),찾(P),5
58,2000,사랑(N),하(P),18
59,2000,사랑안(N),갇히(P),5
60,2000,생각(N),하(P),5
61,2000,세상(N),바꾸(P),8
62,2000,세상(N),살(P),5
63,2000,세상(N),없(P),16
64,2000,세상(N),하(P),7
65,2000,속(N),없(P),7
66,2000,손(N),놓(P),5
67,2000,손(N),많(P),8
68,2000,손(N),앗(P),8
69,2000,수(N),없(P),8
70,2000,숨(N),쉬(P),9
71,2000,시간(N),기다리(P),5
72,2000,시간(N),지나(P),5
73,2000,아무것(N),모르(P),5
74,2000,안(N),있(P),6
75,2000,앞(N),서(P),7
76,2000,얘기(N),없(P),6
77,2000,얘기(N),하(P),11
78,2000,영혼(N),빼앗기(P),8
79,2000,예감(N),좋(P),6
80,2000,울트라(N),매(P),6
81,2000,이별(N),하(P),5
82,2000,이제(N),보(P),5
83,2000,이제(N),없(P),11
84,2000,이제(N),하(P),5
85,2000,일(N),하(P),7
86,2000,조금(N),다가가(P),5
87,2000,주먹(N),지르(P),15
88,2000,지마(N),가(P),6
89,2000,처음(N),만나(P),6
90,2000,처음(N),오(P),5
91,2000,처음(N),태어나(P),5
92,2000,필요(N),없(P),7
93,2000,하늘(N),파랗(P),6
94,2000,하루(N),없(P),5
95,2000,행복(N),가(P),6
0,2001,가을(N),쓰(P),11
1,2001,가을(N),흐리(P),11
2,2001,곁(N),있(P),16
3,2001,곳(N),없(P),8
4,2001,그녈(N),만나(P),6
5,2001,그때(N),그렇(P),9
6,2001,길(N),가(P),5
7,2001,길(N),걷(P),5
8,2001,꿈들(N),잊히(P),8
9,2001,나(N),나(P),12
10,2001,나(N),마(P),6
11,2001,나(N),막(P),6
12,2001,날(N),기다리(P),5
13,2001,날(N),보(P),7
14,2001,날(N),아프(P),5
15,2001,날(N),없(P),6
16,2001,날(N),울(P),7
17,2001,날(N),지나(P),5
18,2001,날(N),하(P),11
19,2001,눈(N),감(P),15
20,2001,눈물(N),나(P),6
21,2001,눈물(N),보이(P),8
22,2001,눈물(N),없(P),6
23,2001,눈물(N),잊(P),6
24,2001,눈물(N),흐르(P),16
25,2001,눈물(N),흘리(P),5
26,2001,다짐(N),하(P),5
27,2001,때(N),나(P),6
28,2001,때(N),만나(P),7
29,2001,때(N),하(P),9
30,2001,래(N),래(P),10
31,2001,마(N),가(P),5
32,2001,마(N),가지(P),5
33,2001,마음(N),아프(P),11
34,2001,마음(N),잊(P),5
35,2001,마음(N),하(P),6
36,2001,말(N),없(P),8
37,2001,말(N),하(P),9
38,2001,맘(N),모르(P),8
39,2001,모습(N),보(P),5
40,2001,미소(N),같(P),5
41,2001,미소(N),보(P),5
42,2001,바(N),가(P),9
43,2001,바(N),따(P),9
44,2001,바(N),래(P),25
45,2001,바래(N),있(P),6
46,2001,바보(N),같(P),9
47,2001,바보(N),보(P),5
48,2001,삐용(N),태어나(P),8
49,2001,사람(N),고맙(P),5
50,2001,사람(N),만나(P),8
51,2001,사람(N),알(P),6
52,2001,사랑(N),가(P),8
53,2001,사랑(N),그(P),8
54,2001,사랑(N),그렇(P),5
55,2001,사랑(N),되(P),7
56,2001,사랑(N),만나(P),13
57,2001,사랑(N),미치(P),5
58,2001,사랑(N),보(P),8
59,2001,사랑(N),빠지(P),6
60,2001,사랑(N),슬프(P),9
61,2001,사랑(N),아프(P),10
62,2001,사랑(N),알(P),5
63,2001,사랑(N),없(P),16
64,2001,사랑(N),오(P),6
65,2001,사랑(N),위하(P),7
66,2001,사랑(N),있(P),8
67,2001,사랑(N),하(P),24
68,2001,상처(N),받(P),5
69,2001,생각(N),나(P),5
70,2001,생각(N),아프(P),8
71,2001,세상(N),보(P),6
72,2001,세상(N),없(P),7
73,2001,세상(N),있(P),5
74,2001,세상(N),하(P),7
75,2001,세상(N),힘들(P),6
76,2001,속(N),있(P),8
77,2001,손(N),잡(P),5
78,2001,술(N),취하(P),10
79,2001,아무것(N),없(P),6
80,2001,여자(N),있(P),6
81,2001,이밤(N),취하(P),6
82,2001,이상(N),없(P),5
83,2001,이제(N),없(P),9
84,2001,이제(N),하(P),6
85,2001,일(N),없(P),6
86,2001,자신(N),없(P),8
87,2001,짜증(N),내(P),10
88,2001,처음(N),보(P),9
89,2001,편지(N),쓰(P),11
90,2001,편지(N),흐리(P),11
91,2001,필요(N),없(P),6
92,2001,하늘(N),쓰(P),11
93,2001,하늘(N),흐리(P),12
94,2001,하루(N),가(P),5
95,2001,행복(N),되(P),7
96,2001,행복(N),보(P),6
97,2001,화(N),내(P),11
98,2001,환상(N),있(P),6
99,2001,후회(N),되(P),5
100,2001,훗날(N),멀(P),5
101,2001,힙합(N),태어나(P),8
0,2002,가슴(N),아프(P),8
1,2002,걸(N),기다리(P),8
2,2002,곁(N),있(P),18
3,2002,곳(N),멀(P),12
4,2002,곳(N),있(P),7
5,2002,길(N),비켜(P),8
6,2002,길(N),비키(P),6
7,2002,나(N),나(P),6
8,2002,나(N),나나나(P),13
9,2002,난(N),나나나(P),7
10,2002,날(N),기다리(P),5
11,2002,날(N),내(P),5
12,2002,날(N),다가가(P),5
13,2002,날(N),대(P),5
14,2002,날(N),보(P),12
15,2002,날(N),없(P),9
16,2002,남자(N),나쁘(P),18
17,2002,눈(N),뜨(P),9
18,2002,눈물(N),감추(P),6
19,2002,눈물(N),르(P),10
20,2002,눈물(N),지우(P),5
21,2002,눈물(N),흐르(P),18
22,2002,눈물(N),흘리(P),8
23,2002,니맘(N),훔치(P),9
24,2002,다(N),르(P),10
25,2002,달나라(N),꿈꾸(P),5
26,2002,도시(N),비추(P),6
27,2002,따(N),바르(P),5
28,2002,때(N),광내(P),6
29,2002,때(N),르(P),20
30,2002,때(N),빼(P),6
31,2002,라(N),따따(P),7
32,2002,마(N),르(P),20
33,2002,마음(N),알(P),6
34,2002,마음(N),없(P),8
35,2002,말(N),없(P),15
36,2002,말(N),있(P),8
37,2002,말(N),하(P),28
38,2002,맘(N),없(P),5
39,2002,매력(N),있(P),6
40,2002,머리(N),길(P),6
41,2002,멋(N),나가(P),5
42,2002,모(N),되(P),6
43,2002,모(N),이(P),6
44,2002,모습(N),광내(P),5
45,2002,모습(N),귀엽(P),5
46,2002,모습(N),보(P),6
47,2002,모습(N),빼(P),5
48,2002,모습(N),웃(P),6
49,2002,몸(N),감싸(P),9
50,2002,물레(N),돌(P),6
51,2002,물레(N),둥글(P),6
52,2002,미래(N),위하(P),6
53,2002,바닷가(N),떠나(P),5
54,2002,바보(N),같(P),5
55,2002,발(N),바르(P),14
56,2002,밤(N),깊(P),5
57,2002,사람(N),가(P),5
58,2002,사람(N),되(P),9
59,2002,사람(N),수많(P),5
60,2002,사람(N),없(P),5
61,2002,사람(N),좋(P),7
62,2002,사랑(N),가(P),5
63,2002,사랑(N),그(P),7
64,2002,사랑(N),되(P),10
65,2002,사랑(N),변하(P),6
66,2002,사랑(N),빠지(P),11
67,2002,사랑(N),없(P),17
68,2002,사랑(N),위하(P),5
69,2002,사랑(N),있(P),15
70,2002,사랑(N),찾아가(P),5
71,2002,사랑(N),택하(P),8
72,2002,사랑(N),하(P),13
73,2002,세상(N),없(P),8
74,2002,소리(N),지르(P),9
75,2002,소리(N),크(P),5
76,2002,속(N),이(P),5
77,2002,손(N),흔들(P),10
78,2002,수(N),없(P),10
79,2002,시간(N),흐르(P),9
80,2002,시련(N),없(P),6
81,2002,신(N),나(P),5
82,2002,신사(N),나가(P),5
83,2002,아무것(N),없(P),5
84,2002,애(N),쓰(P),5
85,2002,애(N),잊(P),6
86,2002,애인(N),되(P),8
87,2002,왕년(N),되(P),8
88,2002,용기(N),내(P),6
89,2002,용기(N),다가가(P),5
90,2002,용기(N),위하(P),5
91,2002,우정(N),택하(P),6
92,2002,원(N),원하(P),5
93,2002,원(N),하(P),11
94,2002,음악(N),미치(P),6
95,2002,이별(N),하(P),5
96,2002,이상(N),기다리(P),5
97,2002,이상(N),없(P),9
98,2002,이제(N),빠지(P),6
99,2002,이제(N),알(P),10
100,2002,이제(N),없(P),19
101,2002,이제(N),있(P),6
102,2002,이제(N),하(P),6
103,2002,인생(N),즐기(P),6
104,2002,입술(N),훔치(P),9
105,2002,자신(N),없(P),12
106,2002,지금(N),되(P),8
107,2002,챔피언(N),미치(P),6
108,2002,챔피언(N),즐기(P),8
109,2002,챔피언(N),지르(P),6
110,2002,추억(N),아름답(P),5
111,2002,친구(N),되(P),8
112,2002,코(N),다치(P),6
113,2002,품(N),있(P),5
114,2002,한계(N),뛰어넘(P),7
115,2002,행복(N),없(P),6
116,2002,행복(N),있(P),8
117,2002,힘(N),들(P),5
0,2003,가슴(N),아프(P),8
1,2003,감옥(N),나가(P),5
2,2003,거리(N),걷(P),6
3,2003,걸(N),없(P),5
4,2003,게(N),돌아오(P),5
5,2003,결혼(N),하(P),5
6,2003,곁(N),없(P),9
7,2003,곁(N),있(P),6
8,2003,곳(N),같(P),6
9,2003,곳(N),있(P),5
10,2003,곳(N),작(P),5
11,2003,기억(N),나(P),6
12,2003,기억(N),잃어버리(P),5
13,2003,길(N),가(P),8
14,2003,꿈(N),꾸(P),11
15,2003,꿈(N),잃(P),5
16,2003,끝(N),하(P),5
17,2003,날(N),같(P),6
18,2003,날(N),떠나(P),6
19,2003,날(N),떠나가(P),5
20,2003,날(N),버리(P),11
21,2003,날(N),보(P),8
22,2003,날(N),아프(P),7
23,2003,날(N),없(P),6
24,2003,날(N),오(P),5
25,2003,날(N),외롭(P),9
26,2003,날(N),좋(P),28
27,2003,날(N),지키(P),6
28,2003,남자기(N),울(P),6
29,2003,눈(N),감(P),8
30,2003,눈(N),보(P),5
31,2003,눈물(N),되(P),6
32,2003,눈물(N),보내(P),6
33,2003,눈물(N),흐르(P),8
34,2003,님(N),담(P),6
35,2003,덤(N),덤(P),16
36,2003,동네(N),돌(P),7
37,2003,때(N),기다리(P),5
38,2003,때(N),나(P),7
39,2003,때(N),나가(P),5
40,2003,때(N),역겹(P),7
41,2003,마음(N),아프(P),12
42,2003,만(N),없(P),5
43,2003,말(N),나(P),6
44,2003,말(N),많(P),5
45,2003,말(N),보(P),5
46,2003,말(N),없(P),6
47,2003,말(N),하(P),44
48,2003,맘(N),슬프(P),5
49,2003,맘(N),알(P),13
50,2003,맘(N),작(P),9
51,2003,맘(N),잡(P),6
52,2003,바보(N),같(P),10
53,2003,밤(N),지(P),5
54,2003,별(N),담(P),6
55,2003,비(N),내리(P),5
56,2003,사람(N),나(P),12
57,2003,사람(N),모르(P),5
58,2003,사람(N),알(P),14
59,2003,사람(N),없(P),5
60,2003,사람(N),원하(P),13
61,2003,사랑(N),같(P),7
62,2003,사랑(N),그(P),5
63,2003,사랑(N),나(P),5
64,2003,사랑(N),남(P),9
65,2003,사랑(N),되(P),10
66,2003,사랑(N),뜨겁(P),5
67,2003,사랑(N),믿(P),7
68,2003,사랑(N),바라(P),5
69,2003,사랑(N),버리(P),5
70,2003,사랑(N),알(P),11
71,2003,사랑(N),없(P),12
72,2003,사랑(N),원하(P),6
73,2003,사랑(N),잊(P),12
74,2003,사랑(N),하(P),28
75,2003,생각(N),가두(P),5
76,2003,생각(N),나(P),11
77,2003,생각(N),하(P),5
78,2003,세상(N),끝나(P),7
79,2003,소망(N),작(P),5
80,2003,손(N),잡(P),16
81,2003,순간(N),보(P),9
82,2003,숨(N),쉬(P),6
83,2003,슬픔(N),기다리(P),7
84,2003,시간(N),가(P),5
85,2003,시간(N),되(P),5
86,2003,시간(N),많(P),5
87,2003,시간(N),흐르(P),5
88,2003,시간(N),흘러가(P),7
89,2003,안(N),살(P),5
90,2003,애(N),쓰(P),8
91,2003,얘기(N),하(P),9
92,2003,얼굴(N),기막(P),6
93,2003,얼굴(N),붉히(P),6
94,2003,얼굴(N),하(P),6
95,2003,얼굴(N),히(P),6
96,2003,여자(N),약하(P),12
97,2003,오(N),달(P),5
98,2003,오(N),담(P),5
99,2003,오오(N),돌아와(P),5
100,2003,오오(N),버리(P),5
101,2003,용서(N),있(P),7
102,2003,웃음(N),짓(P),5
103,2003,원(N),하(P),5
104,2003,이제(N),끝(P),5
105,2003,이제(N),없(P),7
106,2003,이제(N),작(P),5
107,2003,이제(N),좋(P),7
108,2003,자신(N),없(P),6
109,2003,자신(N),있(P),6
110,2003,재미(N),없(P),6
111,2003,전부(N),기다리(P),7
112,2003,주(N),가(P),6
113,2003,주먹(N),믿(P),5
114,2003,주먹(N),쥐(P),5
115,2003,치키(N),덤(P),22
116,2003,태양(N),달(P),5
117,2003,태양(N),담(P),5
118,2003,필요(N),없(P),5
119,2003,하늘(N),날아오르(P),8
120,2003,하늘(N),되(P),11
121,2003,햇님(N),담(P),6
122,2003,행복(N),없(P),9
123,2003,희망(N),달(P),5
124,2003,희망(N),담(P),5
0,2004,가슴(N),뜨겁(P),5
1,2004,가슴(N),모르(P),8
2,2004,가슴(N),아프(P),8
3,2004,건(N),없(P),8
4,2004,걸(N),알(P),5
5,2004,곁(N),없(P),5
6,2004,곁(N),있(P),17
7,2004,곳(N),가(P),5
8,2004,기분(N),좋(P),9
9,2004,꿈(N),남기(P),7
10,2004,꿈(N),좋(P),6
11,2004,끝(N),죽(P),5
12,2004,나(N),나나(P),6
13,2004,난(N),누(P),5
14,2004,날(N),같(P),5
15,2004,날(N),떠나(P),5
16,2004,날(N),많(P),5
17,2004,날(N),보(P),5
18,2004,날(N),오(P),7
19,2004,날(N),있(P),5
20,2004,날(N),좋(P),6
21,2004,날(N),죽(P),7
22,2004,남자(N),그러(P),6
23,2004,내속(N),모르(P),8
24,2004,노래(N),부르(P),9
25,2004,노래(N),없(P),5
26,2004,눈(N),감(P),9
27,2004,눈(N),뜨(P),8
28,2004,눈(N),하(P),6
29,2004,눈물(N),보이(P),6
30,2004,눈물(N),흐르(P),6
31,2004,눈물(N),흘리(P),6
32,2004,때(N),되(P),5
33,2004,때(N),모르(P),12
34,2004,때(N),버리(P),6
35,2004,때(N),보(P),5
36,2004,때(N),슬프(P),8
37,2004,때(N),아프(P),5
38,2004,때(N),있(P),5
39,2004,마음(N),알(P),6
40,2004,마음(N),없(P),7
41,2004,마음(N),있(P),5
42,2004,말(N),고맙(P),7
43,2004,말(N),믿(P),5
44,2004,말(N),보(P),5
45,2004,말(N),없(P),11
46,2004,말(N),있(P),8
47,2004,말(N),전하(P),7
48,2004,말(N),하(P),22
49,2004,맘(N),모르(P),23
50,2004,맘(N),버리(P),6
51,2004,모두(N),가(P),6
52,2004,밑(N),죽(P),5
53,2004,바보(N),같(P),10
54,2004,바보(N),놀리(P),5
55,2004,바보(N),보(P),5
56,2004,밤(N),오(P),5
57,2004,밥(N),죽(P),5
58,2004,부르세(N),없(P),5
59,2004,사람(N),같(P),6
60,2004,사람(N),놀리(P),5
61,2004,사람(N),만나(P),5
62,2004,사람(N),보(P),8
63,2004,사람(N),없(P),5
64,2004,사람(N),잊(P),6
65,2004,사랑(N),가(P),11
66,2004,사랑(N),갖(P),5
67,2004,사랑(N),그러(P),6
68,2004,사랑(N),그렇(P),6
69,2004,사랑(N),꿈꾸(P),7
70,2004,사랑(N),남(P),7
71,2004,사랑(N),되(P),13
72,2004,사랑(N),모르(P),20
73,2004,사랑(N),받(P),5
74,2004,사랑(N),버리(P),6
75,2004,사랑(N),빠지(P),6
76,2004,사랑(N),싫(P),6
77,2004,사랑(N),알(P),16
78,2004,사랑(N),없(P),21
79,2004,사랑(N),오(P),5
80,2004,사랑(N),있(P),11
81,2004,사랑(N),죽(P),5
82,2004,사랑(N),찾(P),5
83,2004,사랑(N),하(P),24
84,2004,세월(N),변하(P),7
85,2004,속(N),모르(P),12
86,2004,속(N),버리(P),6
87,2004,속(N),좋(P),6
88,2004,손(N),들(P),8
89,2004,손(N),잡(P),8
90,2004,술(N),취하(P),5
91,2004,숨(N),막히(P),7
92,2004,숨(N),쉬(P),6
93,2004,시간(N),있(P),6
94,2004,시간(N),흐르(P),5
95,2004,신(N),나(P),8
96,2004,안(N),있(P),5
97,2004,여자(N),누(P),8
98,2004,영원(N),없(P),9
99,2004,예감(N),좋(P),8
100,2004,오늘(N),오(P),6
101,2004,오늘(N),좋(P),5
102,2004,이마음(N),울(P),6
103,2004,이상(N),없(P),9
104,2004,이제(N),같(P),5
105,2004,이제(N),알(P),7
106,2004,이제(N),없(P),6
107,2004,이제(N),하(P),7
108,2004,일(N),하(P),7
109,2004,자리(N),있(P),5
110,2004,자신(N),없(P),8
111,2004,자신(N),있(P),6
112,2004,정신(N),차리(P),5
113,2004,추억(N),없(P),6
114,2004,춤(N),추(P),11
115,2004,친구(N),가(P),6
116,2004,하늘(N),보(P),12
117,2004,행복(N),없(P),6
118,2004,행복(N),좋(P),5
119,2004,행복(N),하(P),6
120,2004,후(N),되(P),5
121,2004,후회(N),없(P),10
122,2004,힘(N),들(P),8
0,2005,가슴(N),아프(P),11
1,2005,가슴(N),하(P),5
2,2005,걸음(N),가(P),5
3,2005,곁(N),있(P),17
4,2005,곳(N),보(P),5
5,2005,기분(N),좋(P),6
6,2005,기억(N),잊(P),14
7,2005,꼬마아이(N),되(P),5
8,2005,꽃(N),피(P),5
9,2005,꿈(N),꾸(P),6
10,2005,나(N),나(P),15
11,2005,나(N),하(P),5
12,2005,난(N),나(P),19
13,2005,난(N),나나(P),13
14,2005,난(N),하(P),6
15,2005,난난나(N),나(P),7
16,2005,난난나(N),나나(P),7
17,2005,날(N),감(P),9
18,2005,날(N),같(P),5
19,2005,날(N),그립(P),5
20,2005,날(N),되(P),7
21,2005,날(N),만나(P),5
22,2005,날(N),믿(P),9
23,2005,날(N),버리(P),5
24,2005,날(N),살(P),5
25,2005,날(N),알(P),6
26,2005,날(N),없(P),9
27,2005,날(N),있(P),5
28,2005,날(N),잊(P),5
29,2005,날(N),지나(P),6
30,2005,날(N),힘들(P),7
31,2005,노래(N),나(P),6
32,2005,노래(N),하(P),6
33,2005,눈(N),감(P),20
34,2005,눈(N),내리(P),6
35,2005,눈(N),뜨(P),9
36,2005,눈(N),믿(P),9
37,2005,눈(N),보(P),5
38,2005,눈(N),없(P),5
39,2005,눈물(N),가(P),5
40,2005,눈물(N),기다리(P),6
41,2005,눈물(N),나(P),5
42,2005,눈물(N),없(P),6
43,2005,눈물(N),하(P),5
44,2005,눈물(N),흐르(P),5
45,2005,눈물(N),흘리(P),16
46,2005,대신(N),하(P),8
47,2005,때(N),살(P),9
48,2005,때(N),울(P),9
49,2005,때(N),힘들(P),9
50,2005,라(N),랄(P),6
51,2005,래(N),감(P),9
52,2005,래(N),믿(P),9
53,2005,마음(N),어둡(P),5
54,2005,마음(N),하(P),5
55,2005,말(N),끝내(P),6
56,2005,말(N),듣(P),7
57,2005,말(N),하(P),48
58,2005,맘(N),가(P),5
59,2005,맘(N),보(P),6
60,2005,맘(N),있(P),7
61,2005,사람(N),되(P),6
62,2005,사람(N),만나(P),6
63,2005,사람(N),모르(P),5
64,2005,사람(N),보(P),5
65,2005,사람(N),없(P),5
66,2005,사람(N),있(P),11
67,2005,사랑(N),그(P),5
68,2005,사랑(N),그대(P),8
69,2005,사랑(N),그립(P),5
70,2005,사랑(N),높(P),5
71,2005,사랑(N),되(P),14
72,2005,사랑(N),떠나(P),8
73,2005,사랑(N),모르(P),13
74,2005,사랑(N),못나(P),5
75,2005,사랑(N),믿(P),8
76,2005,사랑(N),보(P),5
77,2005,사랑(N),아름답(P),5
78,2005,사랑(N),아프(P),6
79,2005,사랑(N),없(P),28
80,2005,사랑(N),오(P),5
81,2005,사랑(N),이렇(P),6
82,2005,사랑(N),잊(P),7
83,2005,사랑(N),주(P),5
84,2005,사랑(N),지나(P),7
85,2005,사랑(N),하(P),35
86,2005,생각(N),같(P),5
87,2005,세상(N),버리(P),6
88,2005,소리(N),지르(P),5
89,2005,소릴(N),높이(P),5
90,2005,속(N),살(P),7
91,2005,손(N),잡(P),14
92,2005,숨(N),쉬(P),7
93,2005,슈퍼맨(N),되(P),5
94,2005,시간(N),길(P),5
95,2005,시간(N),흐르(P),8
96,2005,얘기(N),하(P),7
97,2005,이름(N),없(P),5
98,2005,이상(N),버티(P),5
99,2005,이제(N),떠나(P),6
100,2005,이제(N),알(P),8
101,2005,이제(N),없(P),6
102,2005,이제(N),잡(P),5
103,2005,이제(N),하(P),6
104,2005,일(N),많(P),7
105,2005,일(N),싸우(P),5
106,2005,일(N),있(P),8
107,2005,일(N),하(P),8
108,2005,일(N),힘들(P),6
109,2005,입(N),맞추(P),5
110,2005,자신(N),없(P),8
111,2005,처음(N),만나(P),5
112,2005,필요(N),없(P),6
113,2005,하늘(N),날(P),5
114,2005,하루(N),없(P),7
115,2005,행복(N),없(P),5
116,2005,행복(N),있(P),7
117,2005,힘(N),들(P),10
0,2006,가슴(N),뛰(P),5
1,2006,가슴(N),못나(P),8
2,2006,가슴(N),묻(P),6
3,2006,가슴(N),아프(P),9
4,2006,가슴(N),울(P),11
5,2006,가슴(N),하(P),6
6,2006,가슴아(N),울(P),6
7,2006,거리(N),걷(P),5
8,2006,겁(N),아프(P),6
9,2006,곁(N),떠나(P),6
10,2006,곁(N),있(P),9
11,2006,곳(N),가(P),9
12,2006,곳(N),없(P),5
13,2006,곳(N),이끌(P),6
14,2006,곳(N),있(P),7
15,2006,구두(N),높(P),6
16,2006,구두(N),신(P),9
17,2006,기억(N),좋(P),7
18,2006,날(N),떠나(P),8
19,2006,날(N),믿(P),6
20,2006,날(N),보이(P),5
21,2006,날(N),부르(P),5
22,2006,날(N),싫(P),5
23,2006,날(N),아프(P),6
24,2006,날(N),알(P),5
25,2006,날(N),울(P),5
26,2006,날(N),좋(P),7
27,2006,내사(N),대이(P),6
28,2006,눈(N),감(P),13
29,2006,눈물(N),가리(P),6
30,2006,눈물(N),나(P),7
31,2006,눈물(N),흐르(P),11
32,2006,눈물(N),흘리(P),12
33,2006,때(N),아프(P),7
34,2006,마(N),하(P),9
35,2006,마음(N),같(P),5
36,2006,마음(N),주(P),7
37,2006,마음(N),죽(P),6
38,2006,마이야(N),하(P),6
39,2006,말(N),같(P),5
40,2006,말(N),듣(P),5
41,2006,말(N),있(P),8
42,2006,말(N),좋(P),6
43,2006,말(N),하(P),35
44,2006,맘(N),담(P),5
45,2006,맘(N),모르(P),7
46,2006,맘(N),보(P),6
47,2006,맘(N),알(P),5
48,2006,맘(N),주(P),5
49,2006,바람(N),같(P),7
50,2006,바보(N),같(P),9
51,2006,바보(N),모르(P),5
52,2006,밤(N),알(P),6
53,2006,밤(N),흐르(P),6
54,2006,부탁(N),주(P),6
55,2006,비(N),내리(P),10
56,2006,비(N),적(P),5
57,2006,비행기(N),타(P),9
58,2006,사람(N),되(P),6
59,2006,사람(N),울(P),6
60,2006,사람(N),웃(P),5
61,2006,사람(N),하(P),6
62,2006,사랑(N),같(P),13
63,2006,사랑(N),그(P),6
64,2006,사랑(N),그러(P),5
65,2006,사랑(N),끝나(P),8
66,2006,사랑(N),나(P),7
67,2006,사랑(N),남(P),6
68,2006,사랑(N),다주(P),6
69,2006,사랑(N),되(P),16
70,2006,사랑(N),떠나(P),9
71,2006,사랑(N),만나(P),8
72,2006,사랑(N),모르(P),5
73,2006,사랑(N),보(P),9
74,2006,사랑(N),아프(P),7
75,2006,사랑(N),알(P),7
76,2006,사랑(N),어떡하(P),5
77,2006,사랑(N),없(P),22
78,2006,사랑(N),오(P),7
79,2006,사랑(N),울(P),6
80,2006,사랑(N),위하(P),5
81,2006,사랑(N),있(P),12
82,2006,사랑(N),잊(P),9
83,2006,사랑(N),주(P),7
84,2006,사랑(N),찾(P),8
85,2006,사랑(N),하(P),24
86,2006,상처(N),받(P),5
87,2006,생각(N),나(P),5
88,2006,세상(N),알(P),5
89,2006,손(N),잡(P),8
90,2006,술(N),취하(P),8
91,2006,숨(N),쉬(P),7
92,2006,신(N),내리(P),5
93,2006,신(N),적(P),5
94,2006,아(N),프(P),5
95,2006,아려(N),울(P),6
96,2006,여자(N),같(P),6
97,2006,연예인(N),되(P),5
98,2006,을(N),죽(P),6
99,2006,이(N),하(P),6
100,2006,이름(N),부르(P),14
101,2006,이별(N),아프(P),5
102,2006,이별(N),알(P),9
103,2006,이별(N),위하(P),7
104,2006,이별(N),하(P),6
105,2006,이제(N),되(P),7
106,2006,이제(N),알(P),7
107,2006,이제(N),없(P),9
108,2006,이제(N),흐르(P),6
109,2006,일(N),없(P),5
110,2006,입(N),막(P),5
111,2006,지(N),우(P),6
112,2006,추억(N),살(P),5
113,2006,춤(N),추(P),6
114,2006,품(N),안기(P),5
115,2006,하(N),하(P),6
116,2006,하루(N),가(P),5
117,2006,한숨(N),쉬(P),17
118,2006,행복(N),있(P),5
119,2006,호(N),하(P),6
120,2006,혼자(N),남(P),8
121,2006,혼자(N),하(P),6
122,2006,화장(N),하(P),6
123,2006,힘(N),들(P),9
0,2007,가슴(N),아프(P),17
1,2007,가슴(N),어쩌(P),6
2,2007,가슴(N),하(P),7
3,2007,거짓말(N),하(P),6
4,2007,곁(N),떠나가(P),5
5,2007,곁(N),있(P),18
6,2007,곳(N),있(P),5
7,2007,기분(N),좋(P),7
8,2007,길(N),가(P),9
9,2007,길(N),걷(P),5
10,2007,길(N),잃(P),6
11,2007,꿈(N),헛되(P),7
12,2007,나(N),나(P),12
13,2007,날(N),많(P),7
14,2007,날(N),오(P),7
15,2007,널(N),잊(P),5
16,2007,네(N),잃(P),5
17,2007,눈(N),감(P),20
18,2007,눈(N),내리(P),6
19,2007,눈(N),뜨(P),11
20,2007,눈(N),멀(P),7
21,2007,눈(N),보(P),9
22,2007,눈물(N),나(P),6
23,2007,눈물(N),닦(P),8
24,2007,눈물(N),흐르(P),19
25,2007,눈물(N),흘리(P),8
26,2007,다짐(N),하(P),11
27,2007,단(N),없(P),6
28,2007,독(N),같(P),6
29,2007,돈(N),되(P),5
30,2007,마(N),가지(P),12
31,2007,마음(N),약하(P),7
32,2007,마음(N),주(P),5
33,2007,마지막(N),하(P),5
34,2007,만질수(N),없(P),7
35,2007,말(N),되(P),8
36,2007,말(N),믿(P),10
37,2007,말(N),아프(P),8
38,2007,말(N),어쩌(P),6
39,2007,말(N),없(P),10
40,2007,말(N),하(P),39
41,2007,말할(N),없(P),7
42,2007,맘(N),모르(P),6
43,2007,바보(N),같(P),7
44,2007,반복(N),아프(P),5
45,2007,밤(N),좋(P),5
46,2007,방울(N),담(P),6
47,2007,사람(N),가(P),6
48,2007,사람(N),나(P),5
49,2007,사람(N),만나(P),13
50,2007,사람(N),보(P),7
51,2007,사람(N),알(P),6
52,2007,사람(N),없(P),6
53,2007,사람(N),좋(P),16
54,2007,사람(N),하(P),5
55,2007,사랑(N),가(P),6
56,2007,사랑(N),같(P),11
57,2007,사랑(N),그(P),7
58,2007,사랑(N),되(P),10
59,2007,사랑(N),떠나(P),5
60,2007,사랑(N),미치(P),10
61,2007,사랑(N),믿(P),6
62,2007,사랑(N),보(P),7
63,2007,사랑(N),쉽(P),6
64,2007,사랑(N),아프(P),6
65,2007,사랑(N),없(P),24
66,2007,사랑(N),잃(P),6
67,2007,사랑(N),있(P),10
68,2007,사랑(N),잊(P),7
69,2007,사랑(N),하(P),34
70,2007,생각(N),나(P),5
71,2007,생각(N),하(P),5
72,2007,세상(N),가지(P),5
73,2007,속(N),없(P),7
74,2007,손(N),잡(P),8
75,2007,술(N),취하(P),8
76,2007,숨(N),쉬(P),18
77,2007,숨(N),있(P),5
78,2007,시간(N),길(P),5
79,2007,시간(N),지나(P),6
80,2007,약속(N),지키(P),6
81,2007,오늘(N),기다리(P),6
82,2007,오늘(N),좋(P),5
83,2007,이름(N),부르(P),5
84,2007,이제(N),보내(P),5
85,2007,일(N),없(P),11
86,2007,일(N),하(P),7
87,2007,자신(N),없(P),9
88,2007,잠(N),들(P),7
89,2007,죄(N),인하(P),10
90,2007,춤(N),추(P),6
91,2007,키(N),작(P),7
92,2007,필요(N),없(P),5
93,2007,하루(N),버티(P),5
94,2007,하루(N),없(P),12
95,2007,하루(N),잊(P),6
96,2007,행복(N),없(P),8
97,2007,행복(N),있(P),5
98,2007,행복(N),하(P),5
0,2008,가슴(N),뛰(P),5
1,2008,가슴(N),아프(P),7
2,2008,걸음(N),내밀(P),6
3,2008,겁(N),나(P),5
4,2008,곁(N),있(P),14
5,2008,곳(N),없(P),6
6,2008,구원(N),너(P),6
7,2008,귀순(N),보(P),64
8,2008,기분(N),좋(P),7
9,2008,기억(N),아름답(P),5
10,2008,끝(N),네(P),5
11,2008,끝(N),보이(P),6
12,2008,날(N),가(P),13
13,2008,날(N),보(P),18
14,2008,날(N),찾(P),6
15,2008,날(N),하(P),6
16,2008,노래(N),부르(P),8
17,2008,노을(N),붉(P),5
18,2008,누나(N),예쁘(P),7
19,2008,눈(N),감(P),6
20,2008,눈(N),나(P),5
21,2008,눈(N),뜨(P),6
22,2008,눈(N),보(P),5
23,2008,눈(N),보이(P),8
24,2008,눈(N),부시(P),5
25,2008,눈(N),하(P),9
26,2008,눈물(N),나(P),11
27,2008,눈물(N),참(P),7
28,2008,눈물(N),흐르(P),12
29,2008,눈빛(N),바라보(P),5
30,2008,다리(N),멋지(P),12
31,2008,다짐(N),하(P),5
32,2008,당장(N),보(P),12
33,2008,대답(N),없(P),6
34,2008,때(N),걷(P),7
35,2008,때(N),말(P),7
36,2008,때(N),미치(P),5
37,2008,때(N),보(P),8
38,2008,때(N),오(P),5
39,2008,때(N),있(P),7
40,2008,때(N),잡(P),6
41,2008,때(N),하(P),10
42,2008,마음(N),숨기(P),7
43,2008,마음(N),채우(P),5
44,2008,말(N),걸(P),5
45,2008,말(N),말(P),6
46,2008,말(N),없(P),6
47,2008,말(N),있(P),5
48,2008,말(N),하(P),40
49,2008,맘(N),모르(P),7
50,2008,맘(N),아프(P),6
51,2008,맘(N),이렇(P),5
52,2008,맘(N),향하(P),5
53,2008,매력(N),있(P),6
54,2008,머릿결(N),날리(P),12
55,2008,문(N),열(P),7
56,2008,미소(N),하(P),6
57,2008,미안(N),하(P),8
58,2008,바(N),그러(P),5
59,2008,바(N),보(P),5
60,2008,바보(N),같(P),6
61,2008,별(N),오(P),7
62,2008,비(N),내리(P),5
63,2008,사람(N),기다리(P),6
64,2008,사람(N),나쁘(P),8
65,2008,사람(N),싫(P),7
66,2008,사람(N),주(P),7
67,2008,사람(N),착하(P),7
68,2008,사랑(N),고맙(P),10
69,2008,사랑(N),끝나(P),5
70,2008,사랑(N),대(P),6
71,2008,사랑(N),돌아오(P),8
72,2008,사랑(N),되(P),11
73,2008,사랑(N),떠나(P),5
74,2008,사랑(N),떠나가(P),6
75,2008,사랑(N),모르(P),13
76,2008,사랑(N),밉(P),5
77,2008,사랑(N),보(P),9
78,2008,사랑(N),부르(P),7
79,2008,사랑(N),쉽(P),7
80,2008,사랑(N),없(P),21
81,2008,사랑(N),원하(P),13
82,2008,사랑(N),좋(P),6
83,2008,사랑(N),주(P),12
84,2008,사랑(N),죽(P),9
85,2008,사랑(N),하(P),26
86,2008,산소(N),같(P),49
87,2008,생각(N),나(P),7
88,2008,세상(N),뒤지(P),6
89,2008,속(N),갇히(P),5
90,2008,속(N),깊(P),6
91,2008,손(N),잡(P),14
92,2008,숨(N),쉬(P),14
93,2008,숨(N),없(P),5
94,2008,시간(N),주(P),5
95,2008,신(N),나(P),7
96,2008,심장(N),멈추(P),7
97,2008,얼굴(N),보(P),5
98,2008,여(N),대(P),8
99,2008,원(N),하(P),9
100,2008,을(N),아프(P),6
101,2008,을(N),죽(P),11
102,2008,이별(N),없(P),6
103,2008,이별(N),하(P),5
104,2008,이제(N),네(P),5
105,2008,이제(N),어떡하(P),11
106,2008,이제(N),없(P),5
107,2008,이제(N),지치(P),5
108,2008,일(N),없(P),7
109,2008,입(N),맞추(P),5
110,2008,입술(N),맛있(P),12
111,2008,자신(N),있(P),5
112,2008,지(N),가(P),7
113,2008,추억(N),남기(P),6
114,2008,추억(N),돌이키(P),8
115,2008,품(N),안(P),5
116,2008,햇살(N),밝(P),11
117,2008,행복(N),보(P),5
118,2008,행복(N),있(P),5
119,2008,행복(N),하(P),5
120,2008,혼자(N),살(P),6
121,2008,화분(N),되(P),6
122,2008,후회(N),없(P),10
0,2009,가슴(N),뛰(P),5
1,2009,가슴(N),믿(P),5
2,2009,가슴(N),시(P),5
3,2009,가슴(N),아프(P),7
4,2009,가슴(N),찢어지(P),9
5,2009,거짓말(N),돌아오(P),6
6,2009,거짓말(N),두(P),5
7,2009,거짓말(N),잊(P),7
8,2009,거짓말(N),하(P),8
9,2009,곁(N),있(P),9
10,2009,고(N),고(P),18
11,2009,고(N),잡(P),6
12,2009,곳(N),같(P),5
13,2009,곳(N),있(P),6
14,2009,귀(N),감(P),8
15,2009,귀(N),막(P),6
16,2009,꿈(N),꾸(P),6
17,2009,꿈(N),보이나(P),7
18,2009,꿈(N),있(P),5
19,2009,나(N),나나(P),9
20,2009,나(N),알(P),5
21,2009,날(N),가(P),6
22,2009,날(N),녹이(P),8
23,2009,날(N),멈추(P),5
24,2009,날(N),보(P),7
25,2009,날(N),부드럽(P),8
26,2009,남자(N),나쁘(P),5
27,2009,남자(N),떠나가(P),8
28,2009,냉면(N),떨리(P),9
29,2009,냉면(N),시(P),18
30,2009,냉면(N),찔기(P),18
31,2009,너(N),기다리(P),7
32,2009,노래(N),따르(P),7
33,2009,노래(N),부르(P),9
34,2009,노래(N),슬프(P),7
35,2009,눈(N),감(P),14
36,2009,눈(N),뜨(P),5
37,2009,눈(N),막(P),5
38,2009,눈(N),부시(P),16
39,2009,눈(N),빛나(P),6
40,2009,눈(N),잊(P),7
41,2009,눈물(N),같(P),8
42,2009,눈물(N),나(P),12
43,2009,눈물(N),흐르(P),6
44,2009,눈물(N),흘리(P),6
45,2009,대(N),태어나(P),6
46,2009,대신(N),하(P),5
47,2009,등(N),지(P),5
48,2009,때(N),갈라지(P),6
49,2009,때(N),쉬(P),8
50,2009,때(N),있(P),5
51,2009,때(N),터지(P),6
52,2009,라(N),신나(P),8
53,2009,마법(N),설레이(P),5
54,2009,마음(N),다치(P),5
55,2009,마음(N),비(P),8
56,2009,말(N),같(P),7
57,2009,말(N),듣(P),8
58,2009,말(N),들(P),5
59,2009,말(N),모자라(P),10
60,2009,말(N),설레이(P),5
61,2009,말(N),슬프(P),5
62,2009,말(N),원하(P),5
63,2009,말(N),있(P),5
64,2009,말(N),하(P),32
65,2009,맘(N),닫(P),5
66,2009,맘(N),아프(P),9
67,2009,목소리(N),녹이(P),6
68,2009,목소리(N),멋지(P),5
69,2009,목소리(N),부드럽(P),6
70,2009,목소리(N),크(P),6
71,2009,몸(N),떨리(P),7
72,2009,문(N),닫(P),6
73,2009,바보(N),같(P),12
74,2009,바보(N),살아가(P),5
75,2009,밥(N),먹(P),5
76,2009,번(N),바라보(P),5
77,2009,부(N),부시(P),8
78,2009,비(N),오(P),5
79,2009,사람(N),보(P),6
80,2009,사람(N),좋(P),9
81,2009,사람(N),하(P),5
82,2009,사랑(N),갖(P),5
83,2009,사랑(N),같(P),9
84,2009,사랑(N),그(P),6
85,2009,사랑(N),그러(P),17
86,2009,사랑(N),그렇(P),8
87,2009,사랑(N),되(P),11
88,2009,사랑(N),모르(P),7
89,2009,사랑(N),변하(P),5
90,2009,사랑(N),쉽(P),6
91,2009,사랑(N),없(P),12
92,2009,사랑(N),이렇(P),5
93,2009,사랑(N),하(P),19
94,2009,상처(N),아프(P),6
95,2009,생각(N),나(P),11
96,2009,속(N),보이나(P),5
97,2009,손(N),고(P),9
98,2009,손(N),잡(P),10
99,2009,숨(N),막히(P),12
100,2009,숨(N),멈추(P),5
101,2009,숨(N),쉬(P),17
102,2009,슬픔(N),지(P),5
103,2009,시간(N),흐르(P),8
104,2009,심장(N),같(P),5
105,2009,심장(N),멈추(P),5
106,2009,심장(N),없(P),10
107,2009,아픔(N),잃(P),8
108,2009,애(N),쓰(P),9
109,2009,여자(N),나쁘(P),20
110,2009,여자(N),헤어지(P),8
111,2009,오(N),나(P),7
112,2009,외톨이(N),닫(P),5
113,2009,은(N),갖(P),5
114,2009,이름(N),부르(P),10
115,2009,이름(N),슬프(P),6
116,2009,이제(N),보(P),7
117,2009,이제(N),하(P),5
118,2009,일(N),없(P),9
119,2009,일(N),하(P),5
120,2009,입(N),맞추(P),5
121,2009,자신(N),가두(P),5
122,2009,차(N),신나(P),8
123,2009,춤(N),추(P),7
124,2009,필요(N),없(P),13
125,2009,하늘(N),같(P),5
126,2009,하늘(N),있(P),5
127,2009,하루(N),없(P),6
0,2010,가슴(N),아프(P),15
1,2010,거짓말(N),하(P),6
2,2010,걱정(N),없(P),7
3,2010,걱정(N),하(P),7
4,2010,걸음(N),멀(P),8
5,2010,곁(N),맴돌(P),7
6,2010,괴로움(N),부르(P),6
7,2010,괴로움(N),사무치(P),6
8,2010,그때(N),나가(P),7
9,2010,그때(N),보(P),7
10,2010,그때(N),좋(P),9
11,2010,그리움(N),부르(P),6
12,2010,그리움(N),파묻히(P),6
13,2010,나(N),나(P),30
14,2010,나(N),나나(P),9
15,2010,나(N),나나나(P),6
16,2010,나땜(N),때(P),10
17,2010,날(N),따르(P),12
18,2010,날(N),믿(P),12
19,2010,날(N),보(P),6
20,2010,날(N),책임지(P),6
21,2010,날(N),흔들(P),12
22,2010,남(N),대(P),6
23,2010,남(N),자(P),10
24,2010,남자(N),대(P),6
25,2010,남자(N),자(P),7
26,2010,노래(N),부르(P),9
27,2010,노래(N),사무치(P),6
28,2010,눈(N),감(P),6
29,2010,눈물(N),나(P),9
30,2010,눈물(N),헤프(P),6
31,2010,눈물(N),흐르(P),8
32,2010,눈물(N),흔하(P),6
33,2010,눈물(N),흘리(P),8
34,2010,달빛(N),알아주(P),6
35,2010,달빛(N),외롭(P),6
36,2010,때(N),가(P),12
37,2010,때(N),보(P),13
38,2010,때(N),하(P),9
39,2010,마(N),하(P),6
40,2010,말(N),같(P),8
41,2010,말(N),되(P),11
42,2010,말(N),듣(P),10
43,2010,말(N),보(P),7
44,2010,말(N),웃기(P),10
45,2010,말(N),하(P),54
46,2010,맘(N),같(P),11
47,2010,맘(N),묻(P),6
48,2010,맘(N),받(P),10
49,2010,맘(N),안(P),6
50,2010,맘(N),알(P),8
51,2010,멋(N),있(P),8
52,2010,멍(N),검(P),6
53,2010,멍(N),들(P),9
54,2010,멍(N),때리(P),6
55,2010,몸매(N),이쁘(P),6
56,2010,물(N),들(P),6
57,2010,물(N),붉(P),6
58,2010,물(N),울(P),6
59,2010,미래(N),묶이(P),10
60,2010,바보(N),같(P),10
61,2010,박수(N),치(P),30
62,2010,밤(N),알아주(P),6
63,2010,밤(N),외롭(P),6
64,2010,밥(N),먹(P),10
65,2010,방(N),같(P),6
66,2010,별빛(N),받(P),6
67,2010,별빛(N),안(P),6
68,2010,비(N),오(P),6
69,2010,빠빠(N),빼리(P),6
70,2010,삐오(N),좋(P),6
71,2010,사람(N),알(P),6
72,2010,사람(N),웃(P),7
73,2010,사람(N),있(P),7
74,2010,사랑(N),가(P),14
75,2010,사랑(N),같(P),8
76,2010,사랑(N),나(P),9
77,2010,사랑(N),되(P),9
78,2010,사랑(N),떠나가(P),7
79,2010,사랑(N),묶이(P),10
80,2010,사랑(N),미치(P),10
81,2010,사랑(N),변하(P),7
82,2010,사랑(N),아프(P),7
83,2010,사랑(N),알(P),11
84,2010,사랑(N),없(P),12
85,2010,사랑(N),오(P),10
86,2010,사랑(N),하(P),23
87,2010,상처(N),받(P),7
88,2010,상처(N),안(P),6
89,2010,생각(N),나(P),6
90,2010,생각(N),하(P),15
91,2010,세상(N),빛나(P),6
92,2010,세상(N),아름답(P),6
93,2010,손(N),잡(P),8
94,2010,순간(N),없(P),8
95,2010,술(N),마시(P),6
96,2010,숨(N),막히(P),7
97,2010,숨(N),쉬(P),16
98,2010,시간(N),지나(P),13
99,2010,시간(N),흐르(P),11
100,2010,심장(N),뛰(P),6
101,2010,아틸리싸이(N),이루어지(P),6
102,2010,어머어(N),놀라(P),12
103,2010,어머어(N),하(P),12
104,2010,얼굴(N),보(P),6
105,2010,엉덩일(N),흔들(P),6
106,2010,예(N),좋(P),6
107,2010,오(N),헤어지(P),6
108,2010,온몸(N),적시(P),6
109,2010,이제(N),없(P),6
110,2010,일(N),하(P),11
111,2010,정신(N),나가(P),10
112,2010,정신(N),보(P),6
113,2010,조금(N),보(P),6
114,2010,주위(N),서성거리(P),7
115,2010,지(N),가(P),12
116,2010,집(N),같(P),6
117,2010,필요(N),없(P),9
118,2010,필요(N),하(P),6
119,2010,혼자(N),이렇(P),7
120,2010,후회(N),없(P),6
0,2011,가슴(N),되(P),7
1,2011,가슴(N),아프(P),11
2,2011,거(N),울(P),52
3,2011,거울(N),울(P),52
4,2011,거품(N),커지(P),6
5,2011,걸(N),괜찮(P),5
6,2011,괘(N),괜찮(P),8
7,2011,귀(N),막(P),6
8,2011,꿈(N),꾸(P),5
9,2011,끝(N),달려보(P),6
10,2011,끝(N),모르(P),5
11,2011,끝(N),없(P),5
12,2011,끝(N),젓(P),6
13,2011,끝(N),향하(P),14
14,2011,나리(N),같(P),5
15,2011,나리(N),모(P),6
16,2011,날(N),떠나(P),6
17,2011,날(N),만(P),8
18,2011,날(N),보(P),6
19,2011,날(N),없(P),11
20,2011,날(N),오(P),11
21,2011,남(N),되(P),14
22,2011,남(N),리(P),12
23,2011,남자(N),웃(P),6
24,2011,내일(N),하(P),6
25,2011,노(N),젓(P),6
26,2011,노(N),좋(P),9
27,2011,노래(N),듣(P),6
28,2011,노래(N),변하(P),6
29,2011,노래(N),부르(P),14
30,2011,노래(N),싫(P),6
31,2011,노래(N),있(P),5
32,2011,노래(N),춤추(P),5
33,2011,눈(N),감(P),7
34,2011,눈(N),보(P),12
35,2011,눈(N),부(P),6
36,2011,눈(N),찌푸리(P),6
37,2011,눈(N),하(P),7
38,2011,눈물(N),나(P),6
39,2011,눈물(N),흐르(P),10
40,2011,대답(N),없(P),7
41,2011,도네(N),돌(P),6
42,2011,돈(N),없(P),6
43,2011,때(N),가(P),7
44,2011,때(N),보(P),8
45,2011,때(N),오(P),6
46,2011,때(N),있(P),11
47,2011,라(N),랄(P),32
48,2011,라랄라(N),랄(P),12
49,2011,랄(N),랄(P),28
50,2011,마(N),말(P),7
51,2011,마(N),바라보(P),8
52,2011,마(N),보(P),10
53,2011,마(N),하(P),9
54,2011,말(N),같(P),6
55,2011,말(N),나(P),6
56,2011,말(N),돌리(P),5
57,2011,말(N),되(P),11
58,2011,말(N),막(P),6
59,2011,말(N),보(P),5
60,2011,말(N),쉽(P),13
61,2011,말(N),알(P),6
62,2011,말(N),없(P),8
63,2011,말(N),하(P),43
64,2011,맘(N),가(P),6
65,2011,맘(N),들(P),7
66,2011,맘(N),모르(P),11
67,2011,맘(N),보(P),8
68,2011,맘(N),아프(P),12
69,2011,맘(N),알(P),7
70,2011,맘(N),어떻(P),5
71,2011,맘(N),오(P),7
72,2011,맘(N),죽(P),6
73,2011,맘(N),커지(P),7
74,2011,맘(N),흔들(P),6
75,2011,바람(N),나(P),12
76,2011,밤(N),길(P),5
77,2011,밤(N),타오르(P),6
78,2011,볼륨(N),높이(P),5
79,2011,비(N),오(P),8
80,2011,비바람(N),불(P),5
81,2011,사람(N),나쁘(P),6
82,2011,사람(N),떠나(P),6
83,2011,사랑(N),나쁘(P),5
84,2011,사랑(N),되(P),12
85,2011,사랑(N),떠나(P),8
86,2011,사랑(N),모르(P),7
87,2011,사랑(N),싫(P),7
88,2011,사랑(N),아프(P),7
89,2011,사랑(N),알(P),11
90,2011,사랑(N),없(P),11
91,2011,사랑(N),위하(P),5
92,2011,사랑(N),참(P),5
93,2011,사랑(N),하(P),14
94,2011,사이(N),되(P),6
95,2011,삶(N),돌(P),6
96,2011,생각(N),나(P),5
97,2011,생각(N),하(P),6
98,2011,소리(N),지르(P),5
99,2011,손목(N),끌(P),6
100,2011,순간(N),하(P),6
101,2011,숨(N),막히(P),5
102,2011,숨(N),쉬(P),7
103,2011,숨(N),지치(P),6
104,2011,숨(N),차(P),6
105,2011,슈비두바(N),빠빠쁘(P),6
106,2011,시작(N),되(P),5
107,2011,아메리카(N),좋(P),9
108,2011,앞(N),가(P),5
109,2011,앞(N),보(P),5
110,2011,얘기(N),하(P),5
111,2011,얼굴(N),나(P),5
112,2011,얼음(N),하(P),6
113,2011,여행(N),되(P),5
114,2011,오(N),떠나(P),5
115,2011,오(N),찾(P),5
116,2011,오늘(N),없(P),7
117,2011,와(N),끌리(P),6
118,2011,와(N),오(P),6
119,2011,우(N),찾(P),7
120,2011,이름(N),부르(P),9
121,2011,이유(N),없(P),5
122,2011,이제(N),없(P),6
123,2011,이제(N),편하(P),5
124,2011,일(N),괜찮(P),5
125,2011,일(N),없(P),9
126,2011,입술(N),막(P),9
127,2011,입술(N),바라보(P),5
128,2011,재(N),없(P),12
129,2011,재수(N),없(P),9
130,2011,조금(N),내(P),6
131,2011,주(N),없(P),6
132,2011,춤(N),추(P),7
133,2011,탐(N),이쁘(P),6
134,2011,태양(N),가(P),5
135,2011,태양(N),뜨겁(P),11
136,2011,태양(N),만나(P),5
137,2011,행복(N),살(P),5
138,2011,혼자(N),편하(P),5
139,2011,화(N),나(P),5
140,2011,후(N),떠나(P),5
141,2011,훗날(N),멀(P),5
142,2011,힘(N),내(P),6
143,2011,힘(N),들(P),6
0,2012,가까이(N),보(P),5
1,2012,각(N),나(P),5
2,2012,각(N),생(P),5
3,2012,거리(N),걷(P),5
4,2012,거리(N),울리(P),6
5,2012,거리(N),퍼지(P),6
6,2012,곁(N),없(P),6
7,2012,곁(N),있(P),11
8,2012,곳(N),없(P),12
9,2012,귀(N),들리(P),6
10,2012,그때(N),모르(P),6
11,2012,길(N),걷(P),5
12,2012,끝(N),모르(P),13
13,2012,나(N),나(P),9
14,2012,날(N),미치(P),8
15,2012,날(N),보(P),6
16,2012,날(N),아프(P),5
17,2012,날(N),알(P),8
18,2012,날(N),있(P),5
19,2012,날(N),하(P),6
20,2012,남(N),하(P),5
21,2012,남자(N),만나(P),6
22,2012,남자(N),살(P),8
23,2012,남자(N),울(P),6
24,2012,노래(N),듣(P),16
25,2012,노래(N),부르(P),9
26,2012,노래(N),하(P),5
27,2012,노력(N),잊(P),7
28,2012,눈(N),감(P),14
29,2012,눈(N),보이(P),7
30,2012,눈물(N),마르(P),7
31,2012,눈물(N),파랗(P),7
32,2012,돈(N),되(P),6
33,2012,때(N),보(P),9
34,2012,때(N),웃(P),5
35,2012,때(N),하(P),7
36,2012,뜨거(N),나(P),12
37,2012,뜨거(N),뜨(P),12
38,2012,뜨거(N),뜨겁(P),12
39,2012,라(N),랄(P),6
40,2012,립스틱(N),세우(P),8
41,2012,마(N),듣(P),10
42,2012,마음(N),모르(P),6
43,2012,마음(N),커지(P),5
44,2012,말(N),되(P),13
45,2012,말(N),하(P),16
46,2012,맘(N),같(P),5
47,2012,맘(N),나쁘(P),16
48,2012,맘(N),모르(P),12
49,2012,맘(N),뺏(P),5
50,2012,맘(N),흔들(P),5
51,2012,목소리(N),낮(P),5
52,2012,목소리(N),높이(P),6
53,2012,목소리(N),들리(P),7
54,2012,목소리(N),울리(P),5
55,2012,문자(N),보내(P),5
56,2012,바람(N),불(P),6
57,2012,바보(N),같(P),5
58,2012,밤(N),빛나(P),5
59,2012,밤(N),아름답(P),20
60,2012,밤(N),없(P),5
61,2012,밤(N),오(P),6
62,2012,밥(N),먹(P),5
63,2012,벚꽃(N),흩날리(P),7
64,2012,베일(N),싸이(P),5
65,2012,별(N),빛나(P),5
66,2012,별(N),아름답(P),5
67,2012,봄(N),같(P),5
68,2012,봄(N),닮(P),5
69,2012,봄(N),오(P),5
70,2012,봄바람(N),휘날리(P),6
71,2012,비(N),그치(P),8
72,2012,사람(N),만나(P),7
73,2012,사람(N),수많(P),6
74,2012,사람(N),없(P),7
75,2012,사랑(N),떠나(P),8
76,2012,사랑(N),모르(P),13
77,2012,사랑(N),없(P),7
78,2012,사랑(N),울(P),5
79,2012,사랑(N),있(P),5
80,2012,사랑(N),하(P),12
81,2012,사랑(N),힘들(P),6
82,2012,상처(N),받(P),8
83,2012,생각(N),나(P),9
84,2012,세상(N),되(P),6
85,2012,세상(N),없(P),5
86,2012,손(N),잡(P),13
87,2012,순간(N),떠오르(P),5
88,2012,술담배(N),끊(P),6
89,2012,숨(N),쉬(P),7
90,2012,스틱(N),세우(P),8
91,2012,슬픔(N),파랗(P),7
92,2012,시간(N),알(P),6
93,2012,시간(N),지나(P),5
94,2012,시간(N),흐르(P),6
95,2012,심장(N),찌르(P),5
96,2012,아무것(N),없(P),5
97,2012,어머어머(N),묻히(P),6
98,2012,영화(N),보(P),8
99,2012,이별(N),모르(P),6
100,2012,이상(N),없(P),5
101,2012,잎(N),흩날리(P),7
102,2012,자신(N),없(P),6
103,2012,잠(N),들(P),7
104,2012,적금(N),쪼개(P),6
105,2012,전(N),늦(P),7
106,2012,전(N),하(P),5
107,2012,주머닐(N),털(P),6
108,2012,지금(N),하(P),5
109,2012,진심(N),원하(P),7
110,2012,진짜(N),모르(P),7
111,2012,품(N),안기(P),5
112,2012,하루(N),하(P),5
113,2012,햇살(N),같(P),5
114,2012,햇살(N),닮(P),5
115,2012,향기(N),남(P),5
116,2012,혼(N),어리(P),6
0,2013,가슴(N),아프(P),6
1,2013,곁(N),없(P),5
2,2013,곳(N),없(P),10
3,2013,길(N),걷(P),6
4,2013,꽃(N),오(P),6
5,2013,꽃(N),피(P),6
6,2013,꿈(N),꾸(P),5
7,2013,날(N),떠나(P),6
8,2013,날(N),만나(P),6
9,2013,날(N),보(P),12
10,2013,날(N),하(P),6
11,2013,남자(N),나쁘(P),15
12,2013,눈(N),감(P),11
13,2013,눈(N),보(P),9
14,2013,눈(N),보이(P),7
15,2013,눈물(N),보(P),11
16,2013,눈물(N),슬프(P),6
17,2013,눈물(N),치리(P),6
18,2013,눈물(N),훔치(P),7
19,2013,느낌(N),좋(P),6
20,2013,달(N),비추(P),5
21,2013,댈(N),그(P),5
22,2013,동(N),하(P),9
23,2013,때(N),들(P),5
24,2013,때(N),보(P),5
25,2013,래(N),바쁘(P),10
26,2013,랩(N),하(P),8
27,2013,마(N),하(P),5
28,2013,마디(N),나(P),5
29,2013,마음(N),보(P),6
30,2013,말(N),같(P),6
31,2013,말(N),나오(P),5
32,2013,말(N),달(P),5
33,2013,말(N),되(P),8
34,2013,말(N),듣(P),5
35,2013,말(N),안(P),7
36,2013,말(N),어쩌(P),8
37,2013,말(N),없(P),6
38,2013,말(N),하(P),36
39,2013,맘(N),가져가(P),5
40,2013,맘(N),알(P),12
41,2013,맘(N),차갑(P),6
42,2013,매력(N),말리(P),6
43,2013,매력(N),생기(P),6
44,2013,머리(N),아프(P),5
45,2013,머리(N),짧(P),9
46,2013,문자(N),보내(P),7
47,2013,바람(N),불(P),7
48,2013,바보(N),같(P),7
49,2013,밤(N),기다리(P),5
50,2013,벽(N),뚫(P),5
51,2013,벽(N),자라나(P),5
52,2013,봄(N),오(P),16
53,2013,사람(N),알(P),14
54,2013,사랑(N),같(P),8
55,2013,사랑(N),모르(P),7
56,2013,사랑(N),새빨갛(P),6
57,2013,사랑(N),없(P),7
58,2013,사랑(N),이렇(P),5
59,2013,사랑(N),하(P),8
60,2013,상관(N),하(P),6
61,2013,생각(N),나(P),10
62,2013,생각(N),나쁘(P),12
63,2013,손(N),잡(P),11
64,2013,손(N),잡히(P),10
65,2013,수(N),나쁘(P),12
66,2013,숟가락(N),비(P),8
67,2013,숟가락(N),채우(P),7
68,2013,숨(N),멎(P),5
69,2013,숨(N),쉬(P),18
70,2013,숨(N),없(P),7
71,2013,시간(N),모자라(P),6
72,2013,시간(N),없(P),5
73,2013,시간(N),하(P),5
74,2013,알(N),랑가모르(P),5
75,2013,얘기(N),알(P),9
76,2013,얼굴(N),짧(P),6
77,2013,여자(N),같(P),7
78,2013,열(N),나(P),5
79,2013,예(N),뛰(P),10
80,2013,오늘(N),같(P),7
81,2013,오늘(N),불(P),5
82,2013,요즘(N),나(P),8
83,2013,우(N),워워(P),8
84,2013,원래(N),예쁘(P),6
85,2013,의미(N),없(P),7
86,2013,이(N),말리(P),6
87,2013,이(N),생기(P),6
88,2013,이상(N),없(P),5
89,2013,이유(N),없(P),6
90,2013,이제(N),되(P),6
91,2013,이제(N),잊(P),5
92,2013,일(N),없(P),10
93,2013,일(N),하(P),6
94,2013,잠(N),오(P),6
95,2013,전(N),가(P),5
96,2013,점핑(N),뛰(P),10
97,2013,진심(N),없(P),6
98,2013,처음(N),보(P),5
99,2013,춤(N),추(P),8
100,2013,치마(N),짧(P),6
101,2013,콩떡(N),먹(P),8
102,2013,하늘(N),보(P),5
103,2013,하루(N),없(P),7
104,2013,해(N),하(P),11
105,2013,호(N),엉(P),8
106,2013,호옹(N),하(P),18
107,2013,힘(N),되(P),5
0,2014,가슴(N),아프(P),6
1,2014,가슴(N),하(P),5
2,2014,고백(N),하(P),5
3,2014,곳(N),없(P),5
4,2014,그때(N),그(P),5
5,2014,그때(N),나가(P),5
6,2014,그때(N),렇(P),5
7,2014,기억(N),거닐(P),6
8,2014,길(N),걷(P),5
9,2014,꽃(N),아름답(P),20
10,2014,꿈(N),깨(P),6
11,2014,꿈(N),꾸(P),6
12,2014,끼(N),부(P),5
13,2014,날(N),뜨(P),6
14,2014,날(N),보(P),13
15,2014,날(N),없(P),6
16,2014,날(N),하(P),8
17,2014,날(N),흔들(P),9
18,2014,날씨(N),좋(P),7
19,2014,내꺼(N),같(P),9
20,2014,노래(N),듣(P),5
21,2014,노래(N),부르(P),7
22,2014,노래(N),흔하(P),7
23,2014,녹(N),녹(P),12
24,2014,녹(N),들(P),12
25,2014,눈(N),감(P),17
26,2014,눈(N),뜨(P),5
27,2014,눈(N),보(P),6
28,2014,눈물(N),같(P),7
29,2014,눈물(N),고이(P),5
30,2014,눈물(N),보(P),5
31,2014,눈물(N),흐르(P),7
32,2014,니꺼(N),이(P),6
33,2014,단발머리(N),하(P),7
34,2014,돈(N),없(P),13
35,2014,딜(N),견(P),5
36,2014,때(N),그(P),5
37,2014,때(N),나가(P),5
38,2014,때(N),렇(P),5
39,2014,때(N),만나(P),5
40,2014,때(N),보(P),5
41,2014,때(N),울(P),6
42,2014,때(N),웃(P),8
43,2014,떡볶이(N),맵(P),8
44,2014,라(N),랄(P),24
45,2014,라라라(N),랄(P),8
46,2014,랄라랄(N),랄(P),8
47,2014,랄랄라(N),나(P),6
48,2014,마(N),떠나(P),6
49,2014,마(N),손대(P),5
50,2014,말(N),건네(P),6
51,2014,말(N),듣(P),7
52,2014,말(N),싫(P),5
53,2014,말(N),없(P),13
54,2014,말(N),있(P),6
55,2014,말(N),하(P),25
56,2014,맘(N),알(P),5
57,2014,맘(N),흔들(P),9
58,2014,명수(N),맵(P),8
59,2014,모습(N),비치(P),5
60,2014,몸(N),손대(P),5
61,2014,미소(N),환하(P),8
62,2014,미안(N),기다리(P),5
63,2014,바람(N),불(P),6
64,2014,발(N),거닐(P),6
65,2014,밤(N),가(P),5
66,2014,밤(N),나(P),5
67,2014,밤(N),내리(P),5
68,2014,밤(N),차갑(P),5
69,2014,방(N),비(P),6
70,2014,벚꽃(N),말(P),10
71,2014,보(N),크(P),6
72,2014,보름달(N),뜨(P),5
73,2014,봄(N),말(P),10
74,2014,비(N),내리(P),8
75,2014,사람(N),나(P),6
76,2014,사람(N),많(P),10
77,2014,사람(N),없(P),5
78,2014,사랑(N),끝나(P),5
79,2014,사랑(N),말(P),10
80,2014,사랑(N),받(P),5
81,2014,사랑(N),보(P),5
82,2014,사랑(N),빠지(P),7
83,2014,사랑(N),알(P),8
84,2014,사랑(N),없(P),10
85,2014,사랑(N),자라(P),6
86,2014,사랑(N),주(P),14
87,2014,사랑(N),하(P),15
88,2014,생각(N),나(P),5
89,2014,생각(N),하(P),7
90,2014,세상(N),크(P),6
91,2014,손(N),잡(P),11
92,2014,숨(N),쉬(P),7
93,2014,시간(N),없(P),6
94,2014,시간(N),지나(P),8
95,2014,아무것(N),없(P),10
96,2014,약속(N),지키(P),5
97,2014,오(N),밟(P),6
98,2014,오늘(N),같(P),7
99,2014,오늘(N),빌(P),10
100,2014,오늘(N),알(P),5
101,2014,잠(N),들(P),5
102,2014,전(N),가(P),5
103,2014,창(N),들(P),6
104,2014,창(N),향하(P),6
105,2014,치마(N),짧(P),5
106,2014,티(N),나(P),6
107,2014,티(N),보(P),10
108,2014,티(N),보이(P),5
109,2014,팝(N),치(P),6
110,2014,필요(N),없(P),8
111,2014,하루(N),없(P),8
112,2014,하루(N),하(P),7
113,2014,해(N),뜨(P),5
114,2014,해(N),살(P),6
115,2014,현아(N),빨갛(P),21
116,2014,혼자(N),나(P),6
117,2014,화장(N),지우(P),5
0,2015,가슴(N),뛰(P),9
1,2015,걱정(N),말(P),5
2,2015,겁(N),나(P),5
3,2015,곁(N),떠나(P),8
4,2015,곁(N),있(P),5
5,2015,곳(N),찾(P),7
6,2015,기대(N),되(P),16
7,2015,꿈(N),꾸(P),5
8,2015,끝장(N),보(P),8
9,2015,나(N),나(P),8
10,2015,날(N),모르(P),6
11,2015,날(N),미치(P),12
12,2015,날(N),없(P),7
13,2015,노래(N),쩔(P),10
14,2015,눈(N),감(P),8
15,2015,눈물(N),나(P),9
16,2015,눈물(N),모르(P),6
17,2015,느낌(N),오(P),5
18,2015,느낌(N),좋(P),9
19,2015,다(N),아름답(P),8
20,2015,다(N),주(P),5
21,2015,다리(N),걸(P),5
22,2015,다리(N),떨(P),5
23,2015,다리(N),벌(P),5
24,2015,다운(N),답(P),16
25,2015,다운(N),아름답(P),18
26,2015,다음(N),보이(P),14
27,2015,답(N),없(P),5
28,2015,돈(N),걸(P),5
29,2015,돈(N),떨(P),5
30,2015,돈(N),벌(P),7
31,2015,때(N),뜨(P),7
32,2015,때(N),보(P),5
33,2015,때(N),싫(P),6
34,2015,때(N),어리(P),5
35,2015,때(N),있(P),7
36,2015,때(N),하(P),12
37,2015,랩(N),쩔(P),6
38,2015,리(N),가(P),6
39,2015,마(N),묻(P),17
40,2015,말(N),없(P),5
41,2015,말(N),하(P),47
42,2015,맘(N),식(P),6
43,2015,맘(N),흔들리(P),9
44,2015,몰(N),모르(P),8
45,2015,바가지(N),가(P),6
46,2015,바다(N),푸르(P),5
47,2015,바람(N),나가(P),8
48,2015,반(N),하(P),16
49,2015,비잉(N),돌아가(P),6
50,2015,빛(N),나(P),7
51,2015,사(N),걸어가(P),8
52,2015,사람(N),하(P),6
53,2015,사랑(N),깊(P),5
54,2015,사랑(N),미치(P),9
55,2015,사랑(N),아프(P),5
56,2015,사랑(N),하(P),17
57,2015,손(N),잡(P),5
58,2015,숨(N),쉬(P),6
59,2015,숨(N),하(P),5
60,2015,스타일(N),쩔(P),10
61,2015,시간(N),가(P),7
62,2015,시간(N),멈추(P),6
63,2015,싸가지(N),가(P),6
64,2015,쐐(N),나가(P),8
65,2015,아가씨(N),웃(P),5
66,2015,아무것(N),하(P),6
67,2015,안(N),보(P),10
68,2015,애(N),타(P),5
69,2015,야(N),하(P),6
70,2015,여우(N),하(P),6
71,2015,옆(N),있(P),5
72,2015,오(N),나(P),5
73,2015,오(N),오(P),6
74,2015,오(N),홀리(P),5
75,2015,오늘(N),따르(P),6
76,2015,오빠(N),가(P),5
77,2015,오빠(N),데리(P),5
78,2015,오빠(N),뽑(P),5
79,2015,의미(N),없(P),6
80,2015,이상(N),감추(P),8
81,2015,이상(N),묻(P),8
82,2015,일(N),없(P),7
83,2015,일(N),하(P),8
84,2015,입(N),맞추(P),7
85,2015,잔(N),하(P),8
86,2015,잠(N),들(P),5
87,2015,잠(N),오(P),10
88,2015,정(N),없(P),5
89,2015,정신(N),나(P),7
90,2015,정신(N),차리(P),9
91,2015,진짜(N),보(P),10
92,2015,짓(N),미치(P),14
93,2015,짓(N),하(P),7
94,2015,차(N),가(P),5
95,2015,차(N),데리(P),5
96,2015,차(N),뽑(P),5
97,2015,춤(N),추(P),12
98,2015,하늘(N),걸(P),5
99,2015,하늘(N),떨(P),5
100,2015,하늘(N),벌(P),5
101,2015,혼자(N),있(P),5
0,2016,가짜(N),없(P),12
1,2016,걱정(N),하(P),5
2,2016,겁(N),나(P),5
3,2016,결국(N),떨어지(P),5
4,2016,곁(N),있(P),19
5,2016,곳(N),있(P),6
6,2016,곳(N),향하(P),6
7,2016,그때(N),떠오르(P),5
8,2016,기분(N),좋(P),6
9,2016,꽃(N),피(P),7
10,2016,꽃잎(N),떨어지(P),5
11,2016,꿈(N),꾸(P),15
12,2016,꿈(N),좋(P),6
13,2016,나(N),나나(P),12
14,2016,나(N),어쩌(P),12
15,2016,나(N),저쩌(P),12
16,2016,날(N),가(P),6
17,2016,날(N),미치(P),5
18,2016,날(N),오(P),7
19,2016,날(N),잡(P),6
20,2016,너(N),나(P),16
21,2016,눈(N),감(P),5
22,2016,눈(N),뜨(P),14
23,2016,눈(N),보(P),7
24,2016,눈물(N),흐르(P),7
25,2016,때(N),보(P),10
26,2016,로맨스(N),하(P),12
27,2016,마(N),잊어버리(P),7
28,2016,마음(N),같(P),7
29,2016,마음(N),아프(P),5
30,2016,마음(N),있(P),6
31,2016,마지막(N),남(P),5
32,2016,말(N),되(P),14
33,2016,말(N),없(P),10
34,2016,말(N),있(P),11
35,2016,말(N),하(P),38
36,2016,맘(N),모르(P),13
37,2016,맘(N),보(P),6
38,2016,맘(N),주(P),5
39,2016,별(N),뜨(P),5
40,2016,불(N),태우(P),8
41,2016,비(N),내리(P),7
42,2016,빠라바(N),빠(P),12
43,2016,사람(N),만나(P),10
44,2016,사랑(N),되(P),6
45,2016,사랑(N),빠지(P),8
46,2016,사랑(N),이렇(P),6
47,2016,사랑(N),있(P),5
48,2016,사랑(N),하(P),22
49,2016,사이(N),건너(P),5
50,2016,사치(N),그대(P),9
51,2016,생각(N),나(P),7
52,2016,생각(N),하(P),5
53,2016,세상(N),거칠(P),5
54,2016,손(N),잡(P),15
55,2016,순간(N),남(P),5
56,2016,술(N),마시(P),5
57,2016,숨(N),쉬(P),10
58,2016,시간(N),가(P),9
59,2016,시간(N),같(P),8
60,2016,시간(N),던지(P),6
61,2016,시간(N),멈추(P),10
62,2016,시계(N),가(P),8
63,2016,시계(N),멈추(P),8
64,2016,아무것(N),없(P),8
65,2016,아침(N),뜨(P),6
66,2016,앞(N),서(P),5
67,2016,어른(N),되(P),6
68,2016,오늘(N),같(P),6
69,2016,오늘(N),보이(P),5
70,2016,오늘(N),예쁘(P),5
71,2016,우주(N),건너(P),5
72,2016,위(N),가(P),8
73,2016,위(N),던지(P),6
74,2016,위(N),멈추(P),8
75,2016,이제(N),빌(P),5
76,2016,이해(N),없(P),7
77,2016,일(N),없(P),6
78,2016,일(N),지나(P),5
79,2016,자신(N),없(P),6
80,2016,자신(N),있(P),7
81,2016,잠(N),들(P),5
82,2016,커피(N),마시(P),5
83,2016,필요(N),없(P),7
84,2016,하늘(N),같(P),6
85,2016,행복(N),빌(P),5
86,2016,혼자(N),상관없(P),5
0,2017,가(N),두(P),9
1,2017,가(N),예쁘(P),6
2,2017,가을(N),커다랗(P),6
3,2017,곁(N),있(P),5
4,2017,곳(N),없(P),7
5,2017,기억(N),나(P),7
6,2017,날(N),같(P),8
7,2017,날(N),두(P),6
8,2017,날(N),보(P),5
9,2017,날(N),알(P),5
10,2017,날(N),예쁘(P),6
11,2017,남(N),되(P),7
12,2017,남(N),있(P),6
13,2017,노래(N),듣(P),14
14,2017,노래(N),부르(P),5
15,2017,눈(N),감(P),13
16,2017,느낌(N),맞(P),36
17,2017,덕분(N),주(P),7
18,2017,때(N),먹(P),6
19,2017,때(N),보(P),8
20,2017,때(N),있(P),6
21,2017,때(N),좋(P),6
22,2017,마음(N),같(P),5
23,2017,말(N),같(P),18
24,2017,말(N),되(P),7
25,2017,말(N),듣(P),5
26,2017,말(N),맴돌(P),6
27,2017,말(N),없(P),12
28,2017,말(N),있(P),11
29,2017,말(N),좋(P),8
30,2017,말(N),하(P),35
31,2017,맘(N),모르(P),8
32,2017,맘(N),보이(P),5
33,2017,맘(N),알(P),5
34,2017,바람(N),불(P),6
35,2017,바람(N),좋(P),5
36,2017,별(N),되(P),6
37,2017,별도(N),보(P),8
38,2017,보(N),되(P),5
39,2017,비(N),내리(P),7
40,2017,비(N),오(P),8
41,2017,빛(N),되(P),10
42,2017,빠(N),뿜(P),48
43,2017,빠이빠이빠(N),뿜(P),24
44,2017,뿜빠(N),뿜(P),24
45,2017,사람(N),새롭(P),5
46,2017,사람(N),좋(P),6
47,2017,사랑(N),같(P),6
48,2017,사랑(N),되(P),9
49,2017,사랑(N),좋(P),7
50,2017,사랑(N),하(P),10
51,2017,상처(N),주(P),5
52,2017,생각(N),나(P),8
53,2017,생각(N),되(P),5
54,2017,선물(N),같(P),5
55,2017,시간(N),이렇(P),5
56,2017,시간(N),지나(P),6
57,2017,시간(N),흐르(P),5
58,2017,아침(N),커다랗(P),6
59,2017,얘기(N),같(P),5
60,2017,얼굴(N),찌푸리(P),6
61,2017,여름(N),좋아하(P),5
62,2017,여자(N),낯설(P),18
63,2017,여자(N),있(P),8
64,2017,오오오(N),좋(P),10
65,2017,옷(N),꼬라(P),6
66,2017,와(N),오(P),42
67,2017,요즘(N),되(P),7
68,2017,요즘(N),이렇(P),6
69,2017,운명(N),찾아내(P),6
70,2017,원(N),하(P),6
71,2017,의미(N),없(P),8
72,2017,입(N),맞추(P),8
73,2017,잠(N),깨(P),5
74,2017,잠(N),자(P),6
75,2017,주인공(N),되(P),5
76,2017,지(N),꼬라(P),6
77,2017,처음(N),나이(P),5
78,2017,춤(N),추(P),5
79,2017,하루(N),지나(P),5
80,2017,향기(N),낯설(P),18
0,2018,가을(N),보(P),11
1,2018,가을(N),타(P),10
2,2018,겨울(N),덥(P),7
3,2018,겨울(N),춥(P),6
4,2018,그때(N),그립(P),5
5,2018,그때(N),되(P),10
6,2018,그때(N),없(P),6
7,2018,그때(N),오(P),7
8,2018,기분(N),모이(P),7
9,2018,기분(N),좋(P),11
10,2018,길(N),가(P),5
11,2018,꽃(N),피(P),6
12,2018,끝(N),보(P),6
13,2018,끝(N),없(P),5
14,2018,날(N),모르(P),5
15,2018,날(N),보(P),5
16,2018,날(N),좋(P),7
17,2018,날(N),하(P),5
18,2018,내일(N),지나(P),6
19,2018,너(N),너(P),6
20,2018,너(N),하(P),5
21,2018,눈(N),감(P),6
22,2018,눈(N),뜨(P),10
23,2018,때(N),놀(P),5
24,2018,때(N),모르(P),5
25,2018,때(N),어리(P),7
26,2018,때(N),없(P),6
27,2018,때(N),원하(P),5
28,2018,라(N),랄(P),12
29,2018,라랄라(N),랄(P),6
30,2018,마지막(N),버리(P),5
31,2018,마지막(N),위하(P),5
32,2018,마지막(N),주(P),5
33,2018,말(N),되(P),7
34,2018,말(N),보(P),5
35,2018,말(N),아프(P),5
36,2018,말(N),없(P),8
37,2018,말(N),있(P),7
38,2018,말(N),좋(P),5
39,2018,말(N),하(P),23
40,2018,맘(N),들(P),5
41,2018,맘(N),알(P),7
42,2018,맘(N),없(P),5
43,2018,바람(N),불(P),6
44,2018,바보(N),알(P),6
45,2018,바보(N),오(P),5
46,2018,바보(N),주(P),6
47,2018,발끝(N),뿜뿜(P),6
48,2018,발자국(N),남기(P),5
49,2018,밤(N),빛나(P),13
50,2018,밤(N),수많(P),5
51,2018,별(N),빛나(P),12
52,2018,빛(N),나(P),6
53,2018,빛(N),되(P),5
54,2018,사람(N),좋(P),5
55,2018,사랑(N),되(P),6
56,2018,사랑(N),만나(P),6
57,2018,사랑(N),받(P),8
58,2018,사랑(N),오(P),5
59,2018,사랑(N),있(P),6
60,2018,사랑(N),하(P),15
61,2018,생각(N),나(P),6
62,2018,셀테(N),넘어오(P),5
63,2018,소리(N),지르(P),7
64,2018,손(N),잡(P),6
65,2018,솔(N),나(P),5
66,2018,시간(N),길(P),5
67,2018,시간(N),들(P),11
68,2018,시간(N),멈추(P),6
69,2018,안(N),있(P),5
70,2018,야(N),빛나(P),6
71,2018,엉덩이(N),흔들(P),9
72,2018,여름(N),덥(P),6
73,2018,여름(N),춥(P),6
74,2018,여행(N),길(P),6
75,2018,영수증(N),버리(P),5
76,2018,영수증(N),위하(P),11
77,2018,영수증(N),주(P),5
78,2018,영수증(N),챙기(P),7
79,2018,옆(N),있(P),5
80,2018,오늘(N),지나(P),7
81,2018,오랜만(N),모이(P),6
82,2018,오랜만(N),좋(P),6
83,2018,이별(N),있(P),5
84,2018,이야기(N),흔하(P),8
85,2018,이제(N),없(P),5
86,2018,이제(N),오(P),5
87,2018,이제(N),주(P),5
88,2018,잠(N),들(P),7
89,2018,존심(N),버리(P),5
90,2018,존심(N),위하(P),5
91,2018,존심(N),주(P),5
92,2018,준비(N),모르(P),6
93,2018,진심(N),없(P),6
94,2018,추억(N),위하(P),7
95,2018,추억(N),챙기(P),6
96,2018,퍼(N),슬(P),9
97,2018,퍼(N),울(P),6
98,2018,필요(N),없(P),5
99,2018,해(N),너(P),5
100,2018,혼자(N),같(P),5
101,2018,혼자(N),보(P),5
102,2018,혼자(N),있(P),9
103,2018,후회(N),같(P),5
104,2018,후회(N),모르(P),5
105,2018,힘(N),되(P),7
0,2019,가슴(N),아프(P),9
1,2019,겨울(N),주(P),8
2,2019,곁(N),있(P),14
3,2019,곳(N),있(P),5
4,2019,그때(N),좋(P),7
5,2019,길(N),가(P),9
6,2019,꽃(N),아름답(P),5
7,2019,꽃(N),피(P),9
8,2019,날(N),많(P),7
9,2019,날(N),웃(P),5
10,2019,남(N),되(P),5
11,2019,노래(N),나오(P),8
12,2019,노래(N),부르(P),9
13,2019,노래(N),좋아하(P),6
14,2019,눈(N),가리(P),5
15,2019,눈(N),맞추(P),5
16,2019,눈(N),오(P),101
17,2019,눈물(N),흘리(P),5
18,2019,마음(N),모르(P),5
19,2019,마음(N),없(P),5
20,2019,마음(N),하(P),8
21,2019,말(N),괜찮(P),7
22,2019,말(N),끝내(P),8
23,2019,말(N),되(P),8
24,2019,말(N),많(P),11
25,2019,말(N),알(P),6
26,2019,말(N),없(P),8
27,2019,말(N),있(P),5
28,2019,말(N),하(P),26
29,2019,맛(N),가(P),75
30,2019,머리(N),갑(P),6
31,2019,머리(N),띵하(P),6
32,2019,머리(N),차(P),6
33,2019,멋(N),흐르(P),9
34,2019,멜로(N),없(P),6
35,2019,바보(N),기다리(P),5
36,2019,밤(N),길(P),6
37,2019,밤(N),깊(P),7
38,2019,밤(N),모르(P),7
39,2019,밤(N),빛나(P),6
40,2019,배(N),벌(P),6
41,2019,별(N),보(P),7
42,2019,별빛(N),깊(P),6
43,2019,별빛(N),빛나(P),6
44,2019,봄(N),오(P),16
45,2019,사람(N),많(P),6
46,2019,사람(N),좋(P),5
47,2019,사랑(N),그렇(P),6
48,2019,사랑(N),되(P),6
49,2019,사랑(N),만나(P),7
50,2019,사랑(N),하(P),19
51,2019,사랑이(N),없(P),6
52,2019,생각(N),같(P),5
53,2019,생각(N),흔하(P),6
54,2019,서로(N),보(P),5
55,2019,속(N),같(P),9
56,2019,손(N),보(P),5
57,2019,손(N),잡(P),7
58,2019,숨(N),쉬(P),5
59,2019,심청(N),가녀리(P),5
60,2019,안(N),있(P),5
61,2019,애(N),다르(P),9
62,2019,여름(N),주(P),8
63,2019,연락(N),하(P),6
64,2019,옆(N),있(P),6
65,2019,오늘(N),모르(P),7
66,2019,우(N),괜찮(P),5
67,2019,우(N),밝(P),5
68,2019,우(N),빛나(P),5
69,2019,우(N),주(P),5
70,2019,이별(N),만나(P),5
71,2019,이별(N),하(P),5
72,2019,이유(N),좋(P),11
73,2019,이제(N),알(P),7
74,2019,일(N),없(P),6
75,2019,일(N),하(P),7
76,2019,자신(N),없(P),6
77,2019,자신(N),있(P),6
78,2019,잔(N),기울이(P),6
79,2019,전부(N),되(P),7
80,2019,처음(N),만나(P),5
81,2019,클럽(N),나오(P),8
82,2019,폭죽(N),터트리(P),6
83,2019,필요(N),없(P),7
84,2019,하루(N),보(P),6
85,2019,하루(N),없(P),10
86,2019,행복(N),되(P),5
